rank,name,id,slug,url,score,missing_count,name_flag,missing_fields
1,"Bolt.Earth",2726,"bolt-earth-2726","https://bolt.earth",9,5,"name is a domain","business_model; funding_stage; geographies; founding_year; logo(weak)"
2,"d.light",2305,"d-light-2305","https://www.dlight.com",9,5,"name is a domain","core_tech; target_market; customers; founding_year; logo(weak)"
3,"Sustainable Energy for All",2686,"sustainable-energy-for-all-2686","https://www.seforall.org",8,8,"","core_tech; business_model; funding_stage; target_market; geographies; customers; founding_year; logo(weak)"
4,"Clean Cook Africa",2688,"clean-cook-africa-2688","https://www.cleancookafrica.com",8,8,"","core_tech; business_model; funding_stage; target_market; geographies; customers; founding_year; logo(weak)"
5,"AI SENSE",2626,"ai-sense-2626","AI SENSE",8,8,"","core_tech; business_model; funding_stage; target_market; geographies; customers; founding_year; logo(weak)"
6,"Morton Labs",2693,"morton-labs-2693","https://www.mortonlabs.ai/",8,8,"","core_tech; business_model; funding_stage; target_market; geographies; customers; founding_year; logo(weak)"
7,"Bluepath Finance",2701,"bluepath-finance-2701","https://bluepathfinance.com/",8,8,"","core_tech; business_model; funding_stage; target_market; geographies; customers; founding_year; logo(weak)"
8,"Sgurr Energy",2702,"sgurr-energy-2702","https://sgurrenergy.com/",8,8,"","core_tech; business_model; funding_stage; target_market; geographies; customers; founding_year; logo(weak)"
9,"Vertical Aerospace",2703,"vertical-aerospace-2703","https://vertical-aerospace.com",8,8,"","core_tech; business_model; funding_stage; target_market; geographies; customers; founding_year; logo(weak)"
10,"ZeroAvia",2706,"zeroavia-2706","https://zeroavia.com",8,8,"","core_tech; business_model; funding_stage; target_market; geographies; customers; founding_year; logo(weak)"
11,"Wisk Aero",2707,"wisk-aero-2707","https://wisk.aero",8,8,"","core_tech; business_model; funding_stage; target_market; geographies; customers; founding_year; logo(weak)"
12,"Volocopter",2704,"volocopter-2704","https://volocopter.com",8,8,"","core_tech; business_model; funding_stage; target_market; geographies; customers; founding_year; logo(weak)"
13,"Deftpower",2713,"deftpower-2713","https://www.deftpower.com",8,8,"","core_tech; business_model; funding_stage; target_market; geographies; customers; founding_year; logo(weak)"
14,"FLEXeCHARGE",2714,"flexecharge-2714","https://www.flexecharge.com",8,8,"","core_tech; business_model; funding_stage; target_market; geographies; customers; founding_year; logo(weak)"
15,"Monta",2727,"monta-2727","https://monta.com",8,8,"","core_tech; business_model; funding_stage; target_market; geographies; customers; founding_year; logo(weak)"
16,"XGS Energy",2733,"xgs-energy-2733","https://xgsenergy.com",8,8,"","core_tech; business_model; funding_stage; target_market; geographies; customers; founding_year; logo(weak)"
17,"Zanskar Geothermal",2734,"zanskar-geothermal-2734","https://zanskar.com",8,8,"","core_tech; business_model; funding_stage; target_market; geographies; customers; founding_year; logo(weak)"
18,"Quaise Energy",2731,"quaise-energy-2731","https://www.quaise.com",8,8,"","core_tech; business_model; funding_stage; target_market; geographies; customers; founding_year; logo(weak)"
19,"Sage Geosystems",2732,"sage-geosystems-2732","https://www.sagegeosystems.com",8,8,"","core_tech; business_model; funding_stage; target_market; geographies; customers; founding_year; logo(weak)"
20,"GA Drilling",2737,"ga-drilling-2737","https://www.gadrilling.com",8,8,"","core_tech; business_model; funding_stage; target_market; geographies; customers; founding_year; logo(weak)"
21,"ACE Green Recycling",2741,"ace-green-recycling-2741","https://www.acegreenrecycling.com/",8,8,"","core_tech; business_model; funding_stage; target_market; geographies; customers; founding_year; logo(weak)"
22,"Grid Rails",2695,"grid-rails-2695","https://gridrails.ai/",8,8,"","core_tech; business_model; funding_stage; target_market; geographies; customers; founding_year; logo(weak)"
23,"GoodLeap",2632,"goodleap-2632","https://www.goodleap.com",8,8,"","core_tech; business_model; funding_stage; target_market; geographies; customers; founding_year; logo(weak)"
24,"Ambient Photonics",2637,"ambient-photonics-2637","https://www.ambientphotonics.com",8,8,"","core_tech; business_model; funding_stage; target_market; geographies; customers; founding_year; logo(weak)"
25,"Insolight",2638,"insolight-2638","https://www.insolight.ch",8,8,"","core_tech; business_model; funding_stage; target_market; geographies; customers; founding_year; logo(weak)"
26,"Morgan Solar",2636,"morgan-solar-2636","https://www.morgansolar.com",8,8,"","core_tech; business_model; funding_stage; target_market; geographies; customers; founding_year; logo(weak)"
27,"AirLoom Energy",2641,"airloom-energy-2641","https://airloomenergy.com",8,8,"","core_tech; business_model; funding_stage; target_market; geographies; customers; founding_year; logo(weak)"
28,"Triton Anchor",2640,"triton-anchor-2640","https://www.tritonanchor.com",8,8,"","core_tech; business_model; funding_stage; target_market; geographies; customers; founding_year; logo(weak)"
29,"Aikido Technologies",2642,"aikido-technologies-2642","https://www.aikidotechnologies.com",8,8,"","core_tech; business_model; funding_stage; target_market; geographies; customers; founding_year; logo(weak)"
30,"Werover",2643,"werover-2643","https://werover.com",8,8,"","core_tech; business_model; funding_stage; target_market; geographies; customers; founding_year; logo(weak)"
31,"RCAM Technologies",2644,"rcam-technologies-2644","https://rcamtech.com",8,8,"","core_tech; business_model; funding_stage; target_market; geographies; customers; founding_year; logo(weak)"
32,"Altaeros Energies",2645,"altaeros-energies-2645","https://altaeros.com",8,8,"","core_tech; business_model; funding_stage; target_market; geographies; customers; founding_year; logo(weak)"
33,"Windesco",2646,"windesco-2646","https://windesco.com",8,8,"","core_tech; business_model; funding_stage; target_market; geographies; customers; founding_year; logo(weak)"
34,"Windlift",2647,"windlift-2647","https://windliftllc.com",8,8,"","core_tech; business_model; funding_stage; target_market; geographies; customers; founding_year; logo(weak)"
35,"Flower Turbines",2649,"flower-turbines-2649","https://flowerturbines.com",8,8,"","core_tech; business_model; funding_stage; target_market; geographies; customers; founding_year; logo(weak)"
36,"Nearthlab",2651,"nearthlab-2651","https://nearthlab.com",8,8,"","core_tech; business_model; funding_stage; target_market; geographies; customers; founding_year; logo(weak)"
37,"24M Technologies",2654,"24m-technologies-2654","https://24-m.com",8,8,"","core_tech; business_model; funding_stage; target_market; geographies; customers; founding_year; logo(weak)"
38,"Epsilon Energia Solar",2953,"epsilon-energia-solar-2953","https://epsilonenergia.co.mz",8,8,"","core_tech; business_model; funding_stage; target_market; geographies; customers; founding_year; logo(weak)"
39,"Uprise Energy",2648,"uprise-energy-2648","https://upriseenergy.com",8,8,"","core_tech; business_model; funding_stage; target_market; geographies; customers; founding_year; logo(weak)"
40,"Electra",2723,"electra-2723","https://electra.com",8,8,"","core_tech; business_model; funding_stage; target_market; geographies; customers; founding_year; logo(weak)"
41,"Toucan",2659,"toucan-2659","https://toucan.earth",8,8,"","core_tech; business_model; funding_stage; target_market; geographies; customers; founding_year; logo(weak)"
42,"Sweep",2660,"sweep-2660","https://sweep.net",8,8,"","core_tech; business_model; funding_stage; target_market; geographies; customers; founding_year; logo(weak)"
43,"Normative",2661,"normative-2661","https://normative.io",8,8,"","core_tech; business_model; funding_stage; target_market; geographies; customers; founding_year; logo(weak)"
44,"Emitwise",2665,"emitwise-2665","https://emitwise.com/",8,8,"","core_tech; business_model; funding_stage; target_market; geographies; customers; founding_year; logo(weak)"
45,"Aclymate",2666,"aclymate-2666","https://aclymate.com/",8,8,"","core_tech; business_model; funding_stage; target_market; geographies; customers; founding_year; logo(weak)"
46,"Terrascope",2668,"terrascope-2668","https://terrascope.com/",8,8,"","core_tech; business_model; funding_stage; target_market; geographies; customers; founding_year; logo(weak)"
47,"Carbmee",2669,"carbmee-2669","https://carbmee.com/",8,8,"","core_tech; business_model; funding_stage; target_market; geographies; customers; founding_year; logo(weak)"
48,"CarbonChain",2667,"carbonchain-2667","https://carbonchain.com/",8,8,"","core_tech; business_model; funding_stage; target_market; geographies; customers; founding_year; logo(weak)"
49,"Pathzero",2671,"pathzero-2671","https://pathzero.com/",8,8,"","core_tech; business_model; funding_stage; target_market; geographies; customers; founding_year; logo(weak)"
50,"Envirofit International",2672,"envirofit-international-2672","https://envirofit.org/",8,8,"","core_tech; business_model; funding_stage; target_market; geographies; customers; founding_year; logo(weak)"
51,"Greenway Grameen Infra",2675,"greenway-grameen-infra-2675","https://www.greenway.in/",8,8,"","core_tech; business_model; funding_stage; target_market; geographies; customers; founding_year; logo(weak)"
52,"African Clean Energy (ACE)",2676,"african-clean-energy-ace-2676","https://www.africancleanenergy.com/",8,8,"","core_tech; business_model; funding_stage; target_market; geographies; customers; founding_year; logo(weak)"
53,"Solar Cookers International",2677,"solar-cookers-international-2677","https://www.solarcookers.org/",8,8,"","core_tech; business_model; funding_stage; target_market; geographies; customers; founding_year; logo(weak)"
54,"Inyenyeri",2680,"inyenyeri-2680","https://www.inyenyeri.com/",8,8,"","core_tech; business_model; funding_stage; target_market; geographies; customers; founding_year; logo(weak)"
55,"StoveTeam International",2678,"stoveteam-international-2678","https://www.stoveteam.org/",8,8,"","core_tech; business_model; funding_stage; target_market; geographies; customers; founding_year; logo(weak)"
56,"Aprovecho Research Center",2679,"aprovecho-research-center-2679","https://aprovecho.org/",8,8,"","core_tech; business_model; funding_stage; target_market; geographies; customers; founding_year; logo(weak)"
57,"Cook Clean (Ghana)",2682,"cook-clean-ghana-2682","https://cookcleanghana.com/",8,8,"","core_tech; business_model; funding_stage; target_market; geographies; customers; founding_year; logo(weak)"
58,"EcoBora",2683,"ecobora-2683","https://www.ecobora.co.ke/",8,8,"","core_tech; business_model; funding_stage; target_market; geographies; customers; founding_year; logo(weak)"
59,"Intersect Power",2766,"intersect-power-2766","https://intersectpower.com",8,8,"","core_tech; business_model; funding_stage; target_market; geographies; customers; founding_year; logo(weak)"
60,"ENTRUST Solutions Group",2769,"entrust-solutions-group-2769","https://entrustsol.com",8,8,"","core_tech; business_model; funding_stage; target_market; geographies; customers; founding_year; logo(weak)"
61,"GREW Solar",2820,"grew-solar-2820","https://thegrewsolar.com",8,8,"","core_tech; business_model; funding_stage; target_market; geographies; customers; founding_year; logo(weak)"
62,"Lug+Carrie",2890,"lug-carrie-2890","https://lug-carrie.com",7,7,"","core_tech; business_model; target_market; geographies; customers; founding_year; logo(weak)"
63,"StrainX",2891,"strainx-2891","https://strainx.in",7,7,"","core_tech; business_model; target_market; geographies; customers; founding_year; logo(weak)"
64,"Bohr Energie",2899,"bohr-energie-2899","https://bohr-energie.fr",7,7,"","core_tech; business_model; target_market; geographies; customers; founding_year; logo(weak)"
65,"WeSort.AI",2898,"wesort-ai-2898","https://wesort.ai",7,3,"name is a domain","business_model; geographies; founding_year"
66,"HyET Hydrogen",2721,"hyet-hydrogen-2721","https://hyethydrogen.com/",7,7,"","core_tech; business_model; funding_stage; target_market; geographies; customers; logo(weak)"
67,"TerraSpark",2923,"terraspark-2923","https://terraspark.energy",7,7,"","core_tech; business_model; target_market; geographies; customers; founding_year; logo(weak)"
68,"Nature Robots",2928,"nature-robots-2928","https://naturerobots.com",7,7,"","core_tech; business_model; target_market; geographies; customers; founding_year; logo(weak)"
69,"Plume",2935,"plume-2935","https://plume.energy",7,7,"","core_tech; business_model; target_market; geographies; customers; founding_year; logo(weak)"
70,"Alsym Energy",2696,"alsym-energy-2696","https://www.alsym.com/",7,7,"","business_model; funding_stage; target_market; geographies; customers; founding_year; logo(weak)"
71,"Power Planet",2739,"power-planet-2739","https://powerplanet.com",7,7,"","business_model; funding_stage; target_market; geographies; customers; founding_year; logo(weak)"
72,"Elea & Lili",2939,"elea-lili-2939","https://elealili.com",7,7,"","core_tech; business_model; target_market; geographies; customers; founding_year; logo(weak)"
73,"eVillage",2744,"evillage-2744","https://www.evillage.io/",7,7,"","core_tech; business_model; funding_stage; target_market; geographies; customers; logo(weak)"
74,"Porelio",2942,"porelio-2942","https://porelio.com",7,7,"","core_tech; business_model; target_market; geographies; customers; founding_year; logo(weak)"
75,"Vyterra Renewables",2945,"vyterra-renewables-2945","https://vyterra.com",7,7,"","core_tech; business_model; target_market; geographies; customers; founding_year; logo(weak)"
76,"Wildfire Energy",2948,"wildfire-energy-2948","https://wildfireenergy.com.au",7,7,"","core_tech; business_model; target_market; geographies; customers; founding_year; logo(weak)"
77,"Archimede",2947,"archimede-2947","https://archimedeworld.com",7,7,"","core_tech; business_model; target_market; geographies; customers; founding_year; logo(weak)"
78,"Albatross Energetics",2950,"albatross-energetics-2950","https://albatross-energetics.in",7,7,"","core_tech; business_model; target_market; geographies; customers; founding_year; logo(weak)"
79,"OnePower Africa",2951,"onepower-africa-2951","https://1pwrafrica.com",7,7,"","core_tech; business_model; target_market; geographies; customers; founding_year; logo(weak)"
80,"Shoals",2722,"shoals-2722","https://shoals.com/en/",7,7,"","core_tech; business_model; funding_stage; target_market; geographies; customers; logo(weak)"
81,"China Resources New Energy",2768,"china-resources-new-energy-2768","https://cr-power.com",7,7,"","core_tech; business_model; target_market; geographies; customers; founding_year; logo(weak)"
82,"Origis Energy",2778,"origis-energy-2778","https://origisenergy.com",7,7,"","core_tech; business_model; target_market; geographies; customers; founding_year; logo(weak)"
83,"ScottishPower",2779,"scottishpower-2779","https://scottishpower.com",7,7,"","core_tech; business_model; target_market; geographies; customers; founding_year; logo(weak)"
84,"MN8 Energy",2782,"mn8-energy-2782","https://mn8.com",7,7,"","core_tech; business_model; target_market; geographies; customers; founding_year; logo(weak)"
85,"SOLV Energy",2783,"solv-energy-2783","https://solvenergy.com",7,7,"","core_tech; business_model; target_market; geographies; customers; founding_year; logo(weak)"
86,"GIGA Storage",2785,"giga-storage-2785","https://giga-storage.com",7,7,"","core_tech; business_model; target_market; geographies; customers; founding_year; logo(weak)"
87,"DK Electronic Materials (DKEM)",2790,"dk-electronic-materials-dkem-2790","https://dkem.cn",7,7,"","core_tech; business_model; target_market; geographies; customers; founding_year; logo(weak)"
88,"Greenvolt",2806,"greenvolt-2806","https://greenvolt.com",7,7,"","core_tech; business_model; target_market; geographies; customers; founding_year; logo(weak)"
89,"Pentalum",2208,"pentalum-2208","https://www.pentalum.com/",7,7,"","core_tech; business_model; target_market; geographies; customers; founding_year; logo(weak)"
90,"NGEN Energetske Rešitve",2828,"ngen-energetske-re-itve-2828","https://ngen-group.eu",7,7,"","core_tech; business_model; target_market; geographies; customers; founding_year; logo(weak)"
91,"Sustainable solutions for the metals and the mining industries",1002,"sustainable-solutions-for-the-metals-and-the-mining-industries-1002","https://www.tenova.com",6,2,"name too long (scraped title?)","customers; founding_year"
92,"Azzera",2575,"azzera-2575","https://www.azzera.com",6,6,"","core_tech; business_model; target_market; customers; founding_year; logo(weak)"
93,"Verbund",2916,"verbund-2916","https://verbund.com",6,6,"","business_model; funding_stage; geographies; customers; founding_year; logo(weak)"
94,"BLUETTI",1977,"bluetti-1977","https://bluetti.com/",6,6,"","core_tech; business_model; target_market; customers; founding_year; logo(weak)"
95,"The Energy Pioneer",2625,"the-energy-pioneer-2625","https://theenergypioneer.com",6,6,"","core_tech; business_model; target_market; geographies; customers; founding_year"
96,"utah.gov",1528,"utah-gov-1528","https://www.utah.gov/",6,2,"name is a domain","target_market; founding_year"
97,"Fungi life",1987,"fungi-life-1987","https://fungilife.net/",6,6,"","core_tech; business_model; target_market; customers; founding_year; logo(weak)"
98,"Becaps",1990,"becaps-1990","https://becaps.bio/",6,6,"","core_tech; business_model; target_market; customers; founding_year; logo(weak)"
99,"StoreDot",2655,"storedot-2655","https://store-dot.com",6,6,"","business_model; funding_stage; geographies; customers; founding_year; logo(weak)"
100,"Calice",2001,"calice-2001","https://calice.ai/eng/",6,6,"","core_tech; business_model; target_market; customers; founding_year; logo(weak)"
101,"Allegrofunds Com",2013,"allegrofunds-com-2013","https://allegrofunds.com.au/",6,6,"","core_tech; business_model; target_market; customers; founding_year; logo(weak)"
102,"Cosmos Innovation",2015,"cosmos-innovation-2015","https://www.cosmosinnovation.com/",6,6,"","core_tech; business_model; target_market; customers; founding_year; logo(weak)"
103,"New Forests Company",2032,"new-forests-company-2032","https://newforests.earth/",6,6,"","core_tech; business_model; target_market; customers; founding_year; logo(weak)"
104,"Bosch Home Comfort",1537,"bosch-home-comfort-1537","https://www.bosch-thermotechnology.com/",6,2,"name looks like a page title","customers; founding_year"
105,"EV+ Charging",2763,"ev-charging-2763","https://www.ev-plus.com/",6,6,"","business_model; funding_stage; geographies; customers; founding_year; logo(weak)"
106,"Uplight",2764,"uplight-2764","https://uplight.com/",6,6,"","business_model; funding_stage; geographies; customers; founding_year; logo(weak)"
107,"1Komma5°",2128,"1komma5-2128","https://1komma5grad.com",6,6,"","core_tech; business_model; target_market; customers; founding_year; logo(weak)"
108,"Asia Clean Energy Partners",2749,"asia-clean-energy-partners-2749","https://asiacleanenergypartners.com/",6,6,"","core_tech; business_model; funding_stage; geographies; founding_year; logo(weak)"
109,"Emergente",2750,"emergente-2750","https://www.emergente.com.co",6,6,"","business_model; funding_stage; geographies; customers; founding_year; logo(weak)"
110,"Home - Allego",1409,"home-allego-1409","https://www.allego.eu/",6,2,"name looks like a page title","customers; founding_year"
111,"Zunder",2729,"zunder-2729","https://zunder.com",6,6,"","business_model; funding_stage; geographies; customers; founding_year; logo(weak)"
112,"Toyola Energy",2302,"toyola-energy-2302","https://toyolaenergy.com",6,6,"","core_tech; business_model; target_market; customers; founding_year; logo(weak)"
113,"Standard Nuclear",1904,"standard-nuclear-1904","https://www.standardnuclear.com/",5,5,"","core_tech; target_market; customers; founding_year; logo(weak)"
114,"FlexCharging",2412,"flexcharging-2412","https://flexcharging.com",5,5,"","core_tech; target_market; customers; founding_year; logo(weak)"
115,"Futraheat",2491,"futraheat-2491","https://www.futraheat.com",5,5,"","core_tech; target_market; customers; founding_year; logo(weak)"
116,"AZUL Energy Inc.",2021,"azul-energy-inc-2021","https://azul-energy.co.jp/en/",5,5,"","core_tech; target_market; customers; founding_year; logo(weak)"
117,"RedoxBlox",2499,"redoxblox-2499","https://www.redoxblox.com",5,5,"","core_tech; target_market; customers; founding_year; logo(weak)"
118,"TerraPower",1908,"terrapower-1908","https://www.terrapower.com/",5,5,"","core_tech; target_market; customers; founding_year; logo(weak)"
119,"Cowa Thermal Solutions",2507,"cowa-thermal-solutions-2507","https://www.cowa-ts.com",5,5,"","core_tech; target_market; customers; founding_year; logo(weak)"
120,"Saltfoss Energy",2517,"saltfoss-energy-2517","https://www.saltfoss.com",5,5,"","core_tech; target_market; customers; founding_year; logo(weak)"
121,"Cling Systems",2510,"cling-systems-2510","https://www.clingsystems.com",5,5,"","core_tech; target_market; customers; founding_year; logo(weak)"
122,"Nextpower",2758,"nextpower-2758","https://nextpower.com/",5,5,"","business_model; funding_stage; geographies; customers; founding_year"
123,"Hephae Energy Technology",2882,"hephae-energy-technology-2882","https://hephaeet.com",5,5,"","business_model; geographies; customers; founding_year; logo(weak)"
124,"Eos Energy Enterprises",1911,"eos-energy-enterprises-1911","https://www.eose.com/",5,5,"","core_tech; target_market; customers; founding_year; logo(weak)"
125,"Mainspring Energy",1912,"mainspring-energy-1912","https://www.mainspringenergy.com/",5,5,"","core_tech; target_market; customers; founding_year; logo(weak)"
126,"VIA",1913,"via-1913","https://www.solvewithvia.com/",5,5,"","core_tech; target_market; customers; founding_year; logo(weak)"
127,"Re:Build Manufacturing",2697,"re-build-manufacturing-2697","https://rebuildmanufacturing.com/",5,5,"","business_model; funding_stage; geographies; founding_year; logo(weak)"
128,"Moltex Energy",2523,"moltex-energy-2523","https://www.moltexenergy.com",5,5,"","core_tech; target_market; customers; founding_year; logo(weak)"
129,"Curio",2521,"curio-2521","https://curio.energy",5,5,"","core_tech; target_market; customers; founding_year; logo(weak)"
130,"Daylight",1916,"daylight-1916","https://godaylight.com/",5,5,"","core_tech; target_market; customers; founding_year; logo(weak)"
131,"EticaAG",2223,"eticaag-2223","https://eticaag.com",5,5,"","core_tech; target_market; customers; founding_year; logo(weak)"
132,"Zeno Power",2542,"zeno-power-2542","https://www.zenopower.com",5,5,"","core_tech; target_market; customers; founding_year; logo(weak)"
133,"Graphyte",1920,"graphyte-1920","https://www.graphyte.com/",5,5,"","core_tech; target_market; customers; founding_year; logo(weak)"
134,"Symbrosia",1921,"symbrosia-1921","https://symbrosia.co/",5,5,"","core_tech; target_market; customers; founding_year; logo(weak)"
135,"Solar Landscape",1922,"solar-landscape-1922","https://solarlandscape.com/",5,5,"","core_tech; target_market; customers; founding_year; logo(weak)"
136,"HB11 Energy",2547,"hb11-energy-2547","https://www.hb11.energy",5,5,"","core_tech; target_market; customers; founding_year; logo(weak)"
137,"Greenjoules",2562,"greenjoules-2562","https://www.greenjoules.in",5,5,"","core_tech; target_market; customers; founding_year; logo(weak)"
138,"GoodFuels",2551,"goodfuels-2551","https://www.goodfuels.com",5,5,"","core_tech; target_market; customers; founding_year; logo(weak)"
139,"Hydrogen Optimized",2555,"hydrogen-optimized-2555","https://www.hydrogenoptimized.com",5,5,"","core_tech; target_market; customers; founding_year; logo(weak)"
140,"Mote",1925,"mote-1925","https://www.motehydrogen.com/",5,5,"","core_tech; target_market; customers; founding_year; logo(weak)"
141,"Simplifyber",1924,"simplifyber-1924","https://www.simplifyber.com/",5,5,"","core_tech; target_market; customers; founding_year; logo(weak)"
142,"H2SITE",2568,"h2site-2568","https://www.h2site.eu",5,5,"","core_tech; target_market; customers; founding_year; logo(weak)"
143,"NovoHydrogen",2566,"novohydrogen-2566","https://www.novohydrogen.com",5,5,"","core_tech; target_market; customers; founding_year; logo(weak)"
144,"PolyGone Systems",1927,"polygone-systems-1927","https://www.polygonesystems.com/",5,5,"","core_tech; target_market; customers; founding_year; logo(weak)"
145,"Voya",1929,"voya-1929","https://www.voya.energy/",5,5,"","core_tech; target_market; customers; founding_year; logo(weak)"
146,"Erg Bio",1931,"erg-bio-1931","https://ergbio.com/",5,5,"","core_tech; target_market; customers; founding_year; logo(weak)"
147,"OceanWell",1932,"oceanwell-1932","https://www.oceanwellwater.com/",5,5,"","core_tech; target_market; customers; founding_year; logo(weak)"
148,"Trinity Solar Systems",835,"trinity-solar-systems-835","https://www.trinitysolarsystems.com",5,5,"","core_tech; target_market; customers; founding_year; logo(weak)"
149,"Anode Technology Company",1935,"anode-technology-company-1935","https://anode.tech/",5,5,"","core_tech; target_market; customers; founding_year; logo(weak)"
150,"COI Energy",1933,"coi-energy-1933","https://www.coienergy.com/",5,5,"","core_tech; target_market; customers; founding_year; logo(weak)"
151,"SolarWindow",1936,"solarwindow-1936","https://www.solarwindow.com/",5,5,"","core_tech; target_market; customers; founding_year; logo(weak)"
152,"Aqua Metals",2694,"aqua-metals-2694","https://www.aquametals.com/",5,5,"","business_model; funding_stage; geographies; founding_year; logo(weak)"
153,"Power to Hydrogen",1939,"power-to-hydrogen-1939","https://www.power-h2.com/",5,5,"","core_tech; target_market; customers; founding_year; logo(weak)"
154,"Wright Electric",2352,"wright-electric-2352","https://www.weflywright.com",5,5,"","core_tech; target_market; customers; founding_year; logo(weak)"
155,"Primus Power",1942,"primus-power-1942","https://primuspower.com/en/",5,5,"","core_tech; target_market; customers; founding_year; logo(weak)"
156,"Sungage Financial",2592,"sungage-financial-2592","https://sungagefinancial.com",5,5,"","core_tech; target_market; customers; founding_year; logo(weak)"
157,"Electron",2354,"electron-2354","https://www.flyelectron.eu",5,5,"","core_tech; target_market; customers; founding_year; logo(weak)"
158,"Pivot Bio",1941,"pivot-bio-1941","https://www.pivotbio.com/",5,5,"","core_tech; target_market; customers; founding_year; logo(weak)"
159,"Energy Development Corporation",1523,"energy-development-corporation-1523","https://www.edc.ph/",5,5,"","core_tech; target_market; customers; founding_year; logo(weak)"
160,"Enpal",2586,"enpal-2586","https://enpal.com",5,5,"","core_tech; target_market; customers; founding_year; logo(weak)"
161,"Solstice",2588,"solstice-2588","https://solstice.us",5,5,"","core_tech; target_market; customers; founding_year; logo(weak)"
162,"ART-PV India",2598,"art-pv-india-2598","https://artpv.in",5,5,"","core_tech; target_market; customers; founding_year; logo(weak)"
163,"tozero",2229,"tozero-2229","https://tozero.com",5,5,"","core_tech; target_market; customers; founding_year; logo(weak)"
164,"OhmConnect",1943,"ohmconnect-1943","https://www.ohmconnect.com/",5,5,"","core_tech; target_market; customers; founding_year; logo(weak)"
165,"US Solar",2602,"us-solar-2602","https://us-solar.com",5,5,"","core_tech; target_market; customers; founding_year; logo(weak)"
166,"LionVolt",2233,"lionvolt-2233","https://lionvolt.com",5,5,"","core_tech; target_market; customers; founding_year; logo(weak)"
167,"GreenFire Energy",2735,"greenfire-energy-2735","https://www.greenfireenergy.com",5,5,"","business_model; funding_stage; geographies; founding_year; logo(weak)"
168,"Enerdrape",2738,"enerdrape-2738","https://enerdrape.com",5,5,"","business_model; funding_stage; geographies; founding_year; logo(weak)"
169,"TLS GEOTHERMICS",2740,"tls-geothermics-2740","https://tlsgeothermics.com",5,5,"","business_model; funding_stage; geographies; customers; founding_year"
170,"FlyGreen",2376,"flygreen-2376","https://flygreen.aero",5,5,"","core_tech; target_market; customers; founding_year; logo(weak)"
171,"Verde Mobility",2237,"verde-mobility-2237","https://verdemobility.com",5,5,"","core_tech; target_market; customers; founding_year; logo(weak)"
172,"Liatris",1946,"liatris-1946","https://www.liatris.biz/",5,5,"","core_tech; target_market; customers; founding_year; logo(weak)"
173,"Clear Current",1944,"clear-current-1944","https://clearcurrent.ai/",5,5,"","core_tech; target_market; customers; founding_year; logo(weak)"
174,"WiTricity",1949,"witricity-1949","https://www.witricity.com/",5,5,"","core_tech; target_market; customers; founding_year; logo(weak)"
175,"Home - Powerdot",1417,"home-powerdot-1417","https://powerdot.eu/",5,1,"name looks like a page title","founding_year"
176,"Stargate Hydrogen",2416,"stargate-hydrogen-2416","https://stargatehydrogen.com",5,5,"","core_tech; target_market; customers; founding_year; logo(weak)"
177,"Carbonade",2349,"carbonade-2349","https://carbonade.com",5,5,"","core_tech; target_market; customers; founding_year; logo(weak)"
178,"Pajarito Powder",1926,"pajarito-powder-1926","https://pajaritopowder.com/",5,5,"","core_tech; target_market; customers; founding_year; logo(weak)"
179,"Greenlyte Carbon Technologies",2351,"greenlyte-carbon-technologies-2351","https://greenlyte.com",5,5,"","core_tech; target_market; customers; founding_year; logo(weak)"
180,"EcoFlow",1952,"ecoflow-1952","https://us.ecoflow.com/",5,5,"","core_tech; target_market; customers; founding_year; logo(weak)"
181,"Serentica",1955,"serentica-1955","https://www.serenticaglobal.com/",5,5,"","core_tech; target_market; customers; founding_year; logo(weak)"
182,"Arevon",1956,"arevon-1956","https://arevonenergy.com/",5,5,"","core_tech; target_market; customers; founding_year; logo(weak)"
183,"Nexamp",1954,"nexamp-1954","https://www.nexamp.com/",5,5,"","core_tech; target_market; customers; founding_year; logo(weak)"
184,"Aspen Power",1957,"aspen-power-1957","https://aspenpower.com/",5,5,"","core_tech; target_market; customers; founding_year; logo(weak)"
185,"Foreslab",1984,"foreslab-1984","https://foreslab.com/",5,5,"","core_tech; target_market; customers; founding_year; logo(weak)"
186,"Madison Energy",1958,"madison-energy-1958","https://www.madisonei.com/",5,5,"","core_tech; target_market; customers; founding_year; logo(weak)"
187,"SunCulture",1953,"sunculture-1953","https://sunculture.io/",5,5,"","core_tech; target_market; customers; founding_year; logo(weak)"
188,"Edify Energy",1961,"edify-energy-1961","https://edifyenergy.com/",5,5,"","core_tech; target_market; customers; founding_year; logo(weak)"
189,"Aetherflux",1962,"aetherflux-1962","https://www.aetherflux.com/",5,5,"","core_tech; target_market; customers; founding_year; logo(weak)"
190,"Nexus Renewable Power",1960,"nexus-renewable-power-1960","https://nrenew.com/",5,5,"","core_tech; target_market; customers; founding_year; logo(weak)"
191,"Leap",1959,"leap-1959","https://www.leap.energy/?ref=failory",5,5,"","core_tech; target_market; customers; founding_year; logo(weak)"
192,"Akaysha Energy",1968,"akaysha-energy-1968","https://akayshaenergy.com/",5,5,"","core_tech; target_market; customers; founding_year; logo(weak)"
193,"Enfinity Global",1967,"enfinity-global-1967","https://enfinity.global/",5,5,"","core_tech; target_market; customers; founding_year; logo(weak)"
194,"Qcells North America",1965,"qcells-north-america-1965","https://us.qcells.com/",5,5,"","core_tech; target_market; customers; founding_year; logo(weak)"
195,"EnergySage",1964,"energysage-1964","https://www.energysage.com/",5,5,"","core_tech; target_market; customers; founding_year; logo(weak)"
196,"Mahindra Susten",1966,"mahindra-susten-1966","https://www.mahindrasusten.com/",5,5,"","core_tech; target_market; customers; founding_year; logo(weak)"
197,"Pivotenergy",1970,"pivotenergy-1970","https://www.pivotenergy.net/",5,5,"","core_tech; target_market; customers; founding_year; logo(weak)"
198,"Atlas Renewable Energy",1971,"atlas-renewable-energy-1971","https://www.atlasrenewableenergy.com/",5,5,"","core_tech; target_market; customers; founding_year; logo(weak)"
199,"Freyr",1541,"freyr-1541","https://www.freyr.com/",5,5,"","core_tech; target_market; customers; founding_year; logo(weak)"
200,"Summit Ridge Energy",1972,"summit-ridge-energy-1972","https://srenergy.com/",5,5,"","core_tech; target_market; customers; founding_year; logo(weak)"
201,"Circunomics",2243,"circunomics-2243","https://circunomics.com",5,5,"","core_tech; target_market; customers; founding_year; logo(weak)"
202,"HYCCO",2242,"hycco-2242","https://hycco.fr",5,5,"","core_tech; target_market; customers; founding_year; logo(weak)"
203,"Stride",1969,"stride-1969","https://energy-stride.com/",5,5,"","core_tech; target_market; customers; founding_year; logo(weak)"
204,"MicroEra Power",1950,"microera-power-1950","https://www.microerapower.com/",5,5,"","core_tech; target_market; customers; founding_year; logo(weak)"
205,"Cellfion",2241,"cellfion-2241","https://cellfion.com",5,5,"","core_tech; target_market; customers; founding_year; logo(weak)"
206,"Tetherev",1974,"tetherev-1974","https://tetherev.io/home.html",5,5,"","core_tech; target_market; customers; founding_year; logo(weak)"
207,"Pine Gate Renewables",1973,"pine-gate-renewables-1973","https://pinegaterenewables.com/pine-gate-home/",5,5,"","core_tech; target_market; customers; founding_year; logo(weak)"
208,"Base Power",1975,"base-power-1975","https://www.basepowercompany.com/",5,5,"","core_tech; target_market; customers; founding_year; logo(weak)"
209,"Remedy Scientific",1930,"remedy-scientific-1930","https://www.remedyscientific.com/",5,5,"","core_tech; target_market; customers; founding_year; logo(weak)"
210,"Verlume",1979,"verlume-1979","https://verlume.world/",5,5,"","core_tech; target_market; customers; founding_year; logo(weak)"
211,"Sonnedix",1963,"sonnedix-1963","https://www.sonnedix.com/",5,5,"","core_tech; target_market; customers; founding_year; logo(weak)"
212,"Rise Reforming",2627,"rise-reforming-2627","https://rise-reforming.com/home",5,5,"","core_tech; target_market; geographies; customers; founding_year"
213,"H2 Power",2629,"h2-power-2629","https://www.h2psolutions.com",5,5,"","core_tech; target_market; geographies; customers; founding_year"
214,"Umgrauemeio",1981,"umgrauemeio-1981","https://www.umgrauemeio.com/en",5,5,"","core_tech; target_market; customers; founding_year; logo(weak)"
215,"Building Resilient Landscapes",1982,"building-resilient-landscapes-1982","https://cultivo.land/",5,5,"","core_tech; target_market; customers; founding_year; logo(weak)"
216,"Coral Vita",1980,"coral-vita-1980","https://coralvita.co/",5,5,"","core_tech; target_market; customers; founding_year; logo(weak)"
217,"SOS Carbon",1983,"sos-carbon-1983","https://soscarbon.com/",5,5,"","core_tech; target_market; customers; founding_year; logo(weak)"
218,"Kitegen",1477,"kitegen-1477","https://www.kitegen.com/",5,5,"","core_tech; target_market; customers; founding_year; logo(weak)"
219,"Infira",1985,"infira-1985","https://www.infira.bio/",5,5,"","core_tech; target_market; customers; founding_year; logo(weak)"
220,"Gênica",1989,"g-nica-1989","https://us.genica.com.br/",5,5,"","core_tech; target_market; customers; founding_year; logo(weak)"
221,"Tierra de Monte",1988,"tierra-de-monte-1988","https://tierrademonte.com/",5,5,"","core_tech; target_market; customers; founding_year; logo(weak)"
222,"Puna Bio: Extremophile",1986,"puna-bio-extremophile-1986","https://www.puna.bio/en",5,5,"","core_tech; target_market; customers; founding_year; logo(weak)"
223,"Koloma",2432,"koloma-2432","https://www.koloma.com",5,5,"","core_tech; target_market; customers; founding_year; logo(weak)"
224,"Monolith",2433,"monolith-2433","https://www.monolithmaterials.com",5,5,"","core_tech; target_market; customers; founding_year; logo(weak)"
225,"Heat Mining",1532,"heat-mining-1532","https://www.heatmining.com/",5,5,"","core_tech; target_market; customers; founding_year; logo(weak)"
226,"Clean Hydrogen Works",2431,"clean-hydrogen-works-2431","https://cleanhydrogenworks.com",5,5,"","core_tech; target_market; customers; founding_year; logo(weak)"
227,"Aurora Hydrogen",2434,"aurora-hydrogen-2434","https://www.aurorahydrogen.com",5,5,"","core_tech; target_market; customers; founding_year; logo(weak)"
228,"BioHeuris",1991,"bioheuris-1991","https://bioheuris.com/",5,5,"","core_tech; target_market; customers; founding_year; logo(weak)"
229,"Caligenia",1992,"caligenia-1992","https://www.caligenia.com/",5,5,"","core_tech; target_market; customers; founding_year; logo(weak)"
230,"Amber Kinetics",2458,"amber-kinetics-2458","https://www.amberkinetics.com",5,5,"","core_tech; target_market; customers; founding_year; logo(weak)"
231,"Raincoat",1996,"raincoat-1996","https://www.raincoat.com/",5,5,"","core_tech; target_market; customers; founding_year; logo(weak)"
232,"Satellites on Fire",1998,"satellites-on-fire-1998","https://www.satellitesonfire.com/en",5,5,"","core_tech; target_market; customers; founding_year; logo(weak)"
233,"Cheesecake Energy",2460,"cheesecake-energy-2460","https://www.cheesecakeenergy.com",5,5,"","core_tech; target_market; customers; founding_year; logo(weak)"
234,"Xcimer Energy",1910,"xcimer-energy-1910","https://xcimer.energy/",5,5,"","core_tech; target_market; customers; founding_year; logo(weak)"
235,"TOBE Energy",1934,"tobe-energy-1934","https://tobe.energy/",5,5,"","core_tech; target_market; customers; founding_year; logo(weak)"
236,"Kran",1995,"kran-1995","https://kran-nanobubble.com/en/",5,5,"","core_tech; target_market; customers; founding_year; logo(weak)"
237,"Nexterra",2565,"nexterra-2565","https://www.nexterra.ca",5,5,"","core_tech; target_market; customers; founding_year; logo(weak)"
238,"SolarSteam",2169,"solarsteam-2169","https://solarsteam.ca",5,5,"","core_tech; target_market; customers; founding_year; logo(weak)"
239,"44.01",2270,"44-01-2270","https://4401.earth",5,5,"","core_tech; target_market; customers; founding_year; logo(weak)"
240,"Caelux",2579,"caelux-2579","https://caelux.com",5,5,"","core_tech; target_market; customers; founding_year; logo(weak)"
241,"Elysium Industries",2544,"elysium-industries-2544","https://www.elysiumindustries.com",5,5,"","core_tech; target_market; customers; founding_year; logo(weak)"
242,"Brightwater Tools",1937,"brightwater-tools-1937","https://brightwatertools.com/",5,5,"","core_tech; target_market; customers; founding_year; logo(weak)"
243,"Tecnored",2006,"tecnored-2006","https://www.tecnored.com.br/en/home/",5,5,"","core_tech; target_market; customers; founding_year; logo(weak)"
244,"Nostalgia de Mexico",2005,"nostalgia-de-mexico-2005","https://www.nostalgiademexico.com/",5,5,"","core_tech; target_market; customers; founding_year; logo(weak)"
245,"Commercial Fleet Electrification",2009,"commercial-fleet-electrification-2009","https://www.megaflux.com/en/",5,5,"","core_tech; target_market; customers; founding_year; logo(weak)"
246,"ZILA BioWorks",1940,"zila-bioworks-1940","https://www.zilabioworks.com/",5,5,"","core_tech; target_market; customers; founding_year; logo(weak)"
247,"Loop Farms",1997,"loop-farms-1997","https://www.loopfarms.org/",5,5,"","core_tech; target_market; customers; founding_year; logo(weak)"
248,"Agri Best Feeds",2000,"agri-best-feeds-2000","https://www.agribestfeeds.com/",5,5,"","core_tech; target_market; customers; founding_year; logo(weak)"
249,"WaterMind",2008,"watermind-2008","https://watermind.io/",5,5,"","core_tech; target_market; customers; founding_year; logo(weak)"
250,"MASH Makes",2011,"mash-makes-2011","https://www.mashmakes.com/",5,5,"","core_tech; target_market; customers; founding_year; logo(weak)"
251,"Qarbotech Sdn Bhd",2012,"qarbotech-sdn-bhd-2012","https://qarbotech.com/",5,5,"","core_tech; target_market; customers; founding_year; logo(weak)"
252,"Ab Astra, Inc.",2002,"ab-astra-inc-2002","https://abastra.tech/",5,5,"","core_tech; target_market; customers; founding_year; logo(weak)"
253,"Unblock",2004,"unblock-2004","https://unblock.energy/en/",5,5,"","core_tech; target_market; customers; founding_year; logo(weak)"
254,"Brilliant Planet",2340,"brilliant-planet-2340","https://brilliantplanet.com",5,5,"","core_tech; target_market; customers; founding_year; logo(weak)"
255,"Ecolibrium",2016,"ecolibrium-2016","https://www.ecolibrium.io/",5,5,"","core_tech; target_market; customers; founding_year; logo(weak)"
256,"Firmus",2017,"firmus-2017","https://firmus.co/",5,5,"","core_tech; target_market; customers; founding_year; logo(weak)"
257,"Allozymes",2020,"allozymes-2020","https://www.allozymes.com/",5,5,"","core_tech; target_market; customers; founding_year; logo(weak)"
258,"Element Zero",2022,"element-zero-2022","https://elementzero.green/",5,5,"","core_tech; target_market; customers; founding_year; logo(weak)"
259,"Fleet Space Technologies",2023,"fleet-space-technologies-2023","https://www.fleetspace.com/",5,5,"","core_tech; target_market; customers; founding_year; logo(weak)"
260,"Kwetta",2026,"kwetta-2026","https://www.kwetta.com/",5,5,"","core_tech; target_market; customers; founding_year; logo(weak)"
261,"OpenStar Technologies",2019,"openstar-technologies-2019","https://www.openstar.tech/",5,5,"","core_tech; target_market; customers; founding_year; logo(weak)"
262,"India's Largest Battery",2025,"india-s-largest-battery-2025","https://www.batterysmart.in/",5,5,"","core_tech; target_market; customers; founding_year; logo(weak)"
263,"Thermalytica",2024,"thermalytica-2024","https://www.thermalytica.com/home-en/",5,5,"","core_tech; target_market; customers; founding_year; logo(weak)"
264,"LOHUM",2027,"lohum-2027","https://lohum.com/",5,5,"","core_tech; target_market; customers; founding_year; logo(weak)"
265,"NCX",2248,"ncx-2248","https://ncx.com",5,5,"","core_tech; target_market; customers; founding_year; logo(weak)"
266,"Streetleaf",2700,"streetleaf-2700","https://streetleaf.com/",5,5,"","business_model; funding_stage; geographies; founding_year; logo(weak)"
267,"NIU NIU",2010,"niu-niu-2010","https://niu-niu.io/",5,5,"","core_tech; target_market; customers; founding_year; logo(weak)"
268,"Amperesand",2014,"amperesand-2014","https://amperesand.io/",5,5,"","core_tech; target_market; customers; founding_year; logo(weak)"
269,"Odyssey Energy Solutions",2030,"odyssey-energy-solutions-2030","https://odysseyenergysolutions.com/",5,5,"","core_tech; target_market; customers; founding_year; logo(weak)"
270,"MOPO",2031,"mopo-2031","https://mopo.co/",5,5,"","core_tech; target_market; customers; founding_year; logo(weak)"
271,"Reflect Orbital",2035,"reflect-orbital-2035","https://reflectorbital.com",5,5,"","core_tech; target_market; customers; founding_year; logo(weak)"
272,"Mosaic",2033,"mosaic-2033","https://joinmosaic.com",5,5,"","core_tech; target_market; customers; founding_year; logo(weak)"
273,"Eatron Technologies",2034,"eatron-technologies-2034","https://eatron.com",5,5,"","core_tech; target_market; customers; founding_year; logo(weak)"
274,"CleanChoice Energy",2743,"cleanchoice-energy-2743","https://cleanchoiceenergy.com/",5,5,"","business_model; funding_stage; geographies; customers; logo(weak)"
275,"OpenSolar",2039,"opensolar-2039","https://opensolar.com",5,5,"","core_tech; target_market; customers; founding_year; logo(weak)"
276,"Platio",2038,"platio-2038","https://platio.com",5,5,"","core_tech; target_market; customers; founding_year; logo(weak)"
277,"PVcase",2040,"pvcase-2040","https://pvcase.com",5,5,"","core_tech; target_market; customers; founding_year; logo(weak)"
278,"RatedPower",2041,"ratedpower-2041","https://ratedpower.com",5,5,"","core_tech; target_market; customers; founding_year; logo(weak)"
279,"Silicon Ranch",2043,"silicon-ranch-2043","https://siliconranch.com",5,5,"","core_tech; target_market; customers; founding_year; logo(weak)"
280,"Cherry Street Energy",2042,"cherry-street-energy-2042","https://cherrystreetenergy.com",5,5,"","core_tech; target_market; customers; founding_year; logo(weak)"
281,"Seawind",1863,"seawind-1863","https://www.seawind.com/",5,5,"","core_tech; target_market; customers; founding_year; logo(weak)"
282,"Longroad Energy",2044,"longroad-energy-2044","https://longroadenergy.com",5,5,"","core_tech; target_market; customers; founding_year; logo(weak)"
283,"Terrapass",2253,"terrapass-2253","https://terrapass.com",5,5,"","core_tech; target_market; customers; founding_year; logo(weak)"
284,"Tomorrow",2254,"tomorrow-2254","https://tomorrow.io",5,5,"","core_tech; target_market; customers; founding_year; logo(weak)"
285,"Sinai Technologies",2255,"sinai-technologies-2255","https://sinai.com",5,5,"","core_tech; target_market; customers; founding_year; logo(weak)"
286,"SunColombia",2746,"suncolombia-2746","https://suncolombia.com/",5,5,"","business_model; funding_stage; geographies; founding_year; logo(weak)"
287,"Crusoe Energy",2046,"crusoe-energy-2046","https://crusoeenergy.com",5,5,"","core_tech; target_market; customers; founding_year; logo(weak)"
288,"Ascend Elements",2053,"ascend-elements-2053","https://ascendelements.com",5,5,"","core_tech; target_market; customers; founding_year; logo(weak)"
289,"EnergyX",2050,"energyx-2050","https://energyx.com",5,5,"","core_tech; target_market; customers; founding_year; logo(weak)"
290,"ION Storage Systems",2052,"ion-storage-systems-2052","https://ionstorage.com",5,5,"","core_tech; target_market; customers; founding_year; logo(weak)"
291,"BioLite",2684,"biolite-2684","https://global.bioliteenergy.com",5,5,"","business_model; funding_stage; geographies; customers; founding_year"
292,"ONE",2059,"one-2059","https://one.ai",5,5,"","core_tech; target_market; customers; founding_year; logo(weak)"
293,"Zenobe Energy",2057,"zenobe-energy-2057","https://zenobe.com",5,5,"","core_tech; target_market; customers; founding_year; logo(weak)"
294,"Watershed",2060,"watershed-2060","https://watershed.com",5,5,"","core_tech; target_market; customers; founding_year; logo(weak)"
295,"Persefoni",2061,"persefoni-2061","https://persefoni.com",5,5,"","core_tech; target_market; customers; founding_year; logo(weak)"
296,"Pachama",2062,"pachama-2062","https://pachama.com",5,5,"","core_tech; target_market; customers; founding_year; logo(weak)"
297,"Sylvera",2064,"sylvera-2064","https://sylvera.com",5,5,"","core_tech; target_market; customers; founding_year; logo(weak)"
298,"Calyx Global",2065,"calyx-global-2065","https://calyxglobal.com",5,5,"","core_tech; target_market; customers; founding_year; logo(weak)"
299,"Patch",2068,"patch-2068","https://patch.com",5,5,"","core_tech; target_market; customers; founding_year; logo(weak)"
300,"Pledge",2257,"pledge-2257","https://pledge.to",5,5,"","core_tech; target_market; customers; founding_year; logo(weak)"
301,"Greenly",2069,"greenly-2069","https://greenly.earth",5,5,"","core_tech; target_market; customers; founding_year; logo(weak)"
302,"Climatiq",2258,"climatiq-2258","https://climatiq.io",5,5,"","core_tech; target_market; customers; founding_year; logo(weak)"
303,"Doconomy",2259,"doconomy-2259","https://doconomy.com",5,5,"","core_tech; target_market; customers; founding_year; logo(weak)"
304,"Nori",2067,"nori-2067","https://nori.com",5,5,"","core_tech; target_market; customers; founding_year; logo(weak)"
305,"Climefy",2071,"climefy-2071","https://climefy.com",5,5,"","core_tech; target_market; customers; founding_year; logo(weak)"
306,"Comundo",2264,"comundo-2264","https://comundo.com",5,5,"","core_tech; target_market; customers; founding_year; logo(weak)"
307,"Seedling",2266,"seedling-2266","https://seedlingplatform.com",5,5,"","core_tech; target_market; customers; founding_year; logo(weak)"
308,"Sustainly",2265,"sustainly-2265","https://sustainly.com",5,5,"","core_tech; target_market; customers; founding_year; logo(weak)"
309,"Supercritical",2075,"supercritical-2075","https://gosupercritical.com",5,5,"","core_tech; target_market; customers; founding_year; logo(weak)"
310,"Vaayu",2262,"vaayu-2262","https://vaayu.earth",5,5,"","core_tech; target_market; customers; founding_year; logo(weak)"
311,"PayGo Energy",2078,"paygo-energy-2078","https://www.paygoenergy.co/",5,5,"","core_tech; target_market; customers; founding_year; logo(weak)"
312,"Parameter",2699,"parameter-2699","https://parameter-tech.com/",5,5,"","core_tech; target_market; geographies; customers; logo(weak)"
313,"Terra Heat",2085,"terra-heat-2085","https://www.terraheat.com/",5,5,"","core_tech; target_market; customers; founding_year; logo(weak)"
314,"GreenChar",2086,"greenchar-2086","https://greenchar.com/",5,5,"","core_tech; target_market; customers; founding_year; logo(weak)"
315,"Mantis Space",2904,"mantis-space-2904","https://mantis.space",5,5,"","business_model; geographies; customers; founding_year; logo(weak)"
316,"Solar Sister",2087,"solar-sister-2087","https://solarsister.org/",5,5,"","core_tech; target_market; customers; founding_year; logo(weak)"
317,"Wonderbag",2090,"wonderbag-2090","https://wonderbag.org/",5,5,"","core_tech; target_market; customers; founding_year; logo(weak)"
318,"Land Life Company",2267,"land-life-company-2267","https://landlifecompany.com",5,5,"","core_tech; target_market; customers; founding_year; logo(weak)"
319,"Charm Industrial",2269,"charm-industrial-2269","https://charmindustrial.com",5,5,"","core_tech; target_market; customers; founding_year; logo(weak)"
320,"Global Thermostat",2271,"global-thermostat-2271","https://globalthermostat.com",5,5,"","core_tech; target_market; customers; founding_year; logo(weak)"
321,"Husk Power Systems",2093,"husk-power-systems-2093","https://huskpowersystems.com/",5,5,"","core_tech; target_market; customers; founding_year; logo(weak)"
322,"Negative",2274,"negative-2274","https://negative.com",5,5,"","core_tech; target_market; customers; founding_year; logo(weak)"
323,"Wren",2275,"wren-2275","https://wren.co",5,5,"","core_tech; target_market; customers; founding_year; logo(weak)"
324,"Noya",2094,"noya-2094","https://www.noya.co",5,5,"","core_tech; target_market; customers; founding_year; logo(weak)"
325,"Uptimean Alytics En",1999,"uptimean-alytics-en-1999","https://uptimeanalytics.com/en/",5,5,"","core_tech; target_market; customers; founding_year; logo(weak)"
326,"Ampcontrol",2759,"ampcontrol-2759","https://www.ampcontrol.io/",5,5,"","business_model; funding_stage; geographies; founding_year; logo(weak)"
327,"Weavegrid",2760,"weavegrid-2760","https://www.weavegrid.com/",5,5,"","business_model; funding_stage; geographies; founding_year; logo(weak)"
328,"BioMassters",2278,"biomassters-2278","https://biomassters.com",5,5,"","core_tech; target_market; customers; founding_year; logo(weak)"
329,"Ormat Technologies",1498,"ormat-technologies-1498","https://www.ormat.com/",5,5,"","core_tech; target_market; customers; founding_year; logo(weak)"
330,"Clean Cooking Technologies",2276,"clean-cooking-technologies-2276","https://cleancooking.org/sector-directory/clean-cooking-technologies/",5,5,"","core_tech; target_market; customers; founding_year; logo(weak)"
331,"Copper",2280,"copper-2280","https://copper.co",5,5,"","core_tech; target_market; customers; founding_year; logo(weak)"
332,"Impulse",2279,"impulse-2279","https://www.impulselabs.com",5,5,"","core_tech; target_market; customers; founding_year; logo(weak)"
333,"Pyka",2357,"pyka-2357","https://flypyka.com",5,5,"","core_tech; target_market; customers; founding_year; logo(weak)"
334,"Dufour Aerospace",2356,"dufour-aerospace-2356","https://www.dufour.aero",5,5,"","core_tech; target_market; customers; founding_year; logo(weak)"
335,"H2FLY",2353,"h2fly-2353","https://www.h2fly.de",5,5,"","core_tech; target_market; customers; founding_year; logo(weak)"
336,"Zunum Aero",2355,"zunum-aero-2355","https://zunum.aero",5,5,"","core_tech; target_market; customers; founding_year; logo(weak)"
337,"Alaka'i Technologies",2358,"alaka-i-technologies-2358","https://www.alakai.com",5,5,"","core_tech; target_market; customers; founding_year; logo(weak)"
338,"Bye Aerospace",2359,"bye-aerospace-2359","https://byeaerospace.com",5,5,"","core_tech; target_market; customers; founding_year; logo(weak)"
339,"Cranfield Aerospace Solutions",2360,"cranfield-aerospace-solutions-2360","https://www.cranfieldaerospace.com",5,5,"","core_tech; target_market; customers; founding_year; logo(weak)"
340,"Earthshot Labs",2250,"earthshot-labs-2250","https://earthshot.eco",5,5,"","core_tech; target_market; customers; founding_year; logo(weak)"
341,"Heart Aerospace",2107,"heart-aerospace-2107","https://www.heartaerospace.com/",5,5,"","core_tech; target_market; customers; founding_year; logo(weak)"
342,"Span",2761,"span-2761","https://www.span.io/",5,5,"","business_model; funding_stage; geographies; founding_year; logo(weak)"
343,"Jetson",2108,"jetson-2108","https://www.jetsonaero.com/",5,5,"","core_tech; target_market; customers; founding_year; logo(weak)"
344,"LEO Flight",2109,"leo-flight-2109","https://leoflight.com/",5,5,"","core_tech; target_market; customers; founding_year; logo(weak)"
345,"SkyDrive",2106,"skydrive-2106","https://skydrive2020.com/",5,5,"","core_tech; target_market; customers; founding_year; logo(weak)"
346,"Soma Energy",2917,"soma-energy-2917","https://soma.energy",5,5,"","business_model; geographies; customers; founding_year; logo(weak)"
347,"SilverFire",2282,"silverfire-2282","https://www.silverfire.us",5,5,"","core_tech; target_market; customers; founding_year; logo(weak)"
348,"Project Gaia",2281,"project-gaia-2281","https://www.projectgaia.com",5,5,"","core_tech; target_market; customers; founding_year; logo(weak)"
349,"SSM Stove Manufacturer",2283,"ssm-stove-manufacturer-2283","https://www.ssmstove.com",5,5,"","core_tech; target_market; customers; founding_year; logo(weak)"
350,"VoltAero",2111,"voltaero-2111","https://www.voltaero.com/",5,5,"","core_tech; target_market; customers; founding_year; logo(weak)"
351,"Swtch Energy",2762,"swtch-energy-2762","https://swtchenergy.com/",5,5,"","business_model; funding_stage; geographies; founding_year; logo(weak)"
352,"Safi International",2284,"safi-international-2284","https://safi.no",5,5,"","core_tech; target_market; customers; founding_year; logo(weak)"
353,"Equator Aircraft",2369,"equator-aircraft-2369","https://equatoraircraft.com",5,5,"","core_tech; target_market; customers; founding_year; logo(weak)"
354,"Bye Energy",2366,"bye-energy-2366","https://byeenergy.com",5,5,"","core_tech; target_market; customers; founding_year; logo(weak)"
355,"Regent",2367,"regent-2367","https://regentcraft.com",5,5,"","core_tech; target_market; customers; founding_year; logo(weak)"
356,"AMPECO",2116,"ampeco-2116","https://www.ampeco.com",5,5,"","core_tech; target_market; customers; founding_year; logo(weak)"
357,"Wevo Energy",2118,"wevo-energy-2118","https://wevo.energy",5,5,"","core_tech; target_market; customers; founding_year; logo(weak)"
358,"Orange Charger",2114,"orange-charger-2114","https://www.orangecharger.com",5,5,"","core_tech; target_market; customers; founding_year; logo(weak)"
359,"FreeWire Technologies",2115,"freewire-technologies-2115","https://www.freewiretech.com",5,5,"","core_tech; target_market; customers; founding_year; logo(weak)"
360,"Driivz",2117,"driivz-2117","https://driivz.com",5,5,"","core_tech; target_market; customers; founding_year; logo(weak)"
361,"Giraffe Bioenergy",2081,"giraffe-bioenergy-2081","https://giraffebioenergy.com/",5,5,"","core_tech; target_market; customers; founding_year; logo(weak)"
362,"Voltpost",2122,"voltpost-2122","https://voltpost.com",5,5,"","core_tech; target_market; customers; founding_year; logo(weak)"
363,"Zapgo",2124,"zapgo-2124","https://zapgo.co.uk",5,5,"","core_tech; target_market; customers; founding_year; logo(weak)"
364,"ivygo",2123,"ivygo-2123","https://ivygo.com.au",5,5,"","core_tech; target_market; customers; founding_year; logo(weak)"
365,"Contact BioSolutions",2922,"contact-biosolutions-2922","https://contactbiosolutions.com",5,5,"","business_model; geographies; customers; founding_year; logo(weak)"
366,"XPeng AeroHT",2110,"xpeng-aeroht-2110","https://aeroht.com/",5,5,"","core_tech; target_market; customers; founding_year; logo(weak)"
367,"Mati Carbon",1914,"mati-carbon-1914","https://www.mati.earth/",5,5,"","core_tech; target_market; customers; founding_year; logo(weak)"
368,"Coulomb AI",2130,"coulomb-ai-2130","https://coulombai.com",5,5,"","core_tech; target_market; customers; founding_year; logo(weak)"
369,"IoTecha",2129,"iotecha-2129","https://iotecha.com",5,5,"","core_tech; target_market; customers; founding_year; logo(weak)"
370,"Ecolectro",2134,"ecolectro-2134","https://ecolectro.com",5,5,"","core_tech; target_market; customers; founding_year; logo(weak)"
371,"SunGreenH2",2135,"sungreenh2-2135","https://www.sungreenh2.com",5,5,"","core_tech; target_market; customers; founding_year; logo(weak)"
372,"Verdagy",2132,"verdagy-2132","https://verdagy.com",5,5,"","core_tech; target_market; customers; founding_year; logo(weak)"
373,"Ener-G-Africa",2286,"ener-g-africa-2286","https://ener-g-africa.com",5,5,"","core_tech; target_market; customers; founding_year; logo(weak)"
374,"ChargerHelp!",2112,"chargerhelp-2112","https://www.chargerhelp.com",5,5,"","core_tech; target_market; customers; founding_year; logo(weak)"
375,"NEXT Hydrogen",2136,"next-hydrogen-2136","https://nexthydrogen.com",5,5,"","core_tech; target_market; customers; founding_year; logo(weak)"
376,"Bubble Robotics",2929,"bubble-robotics-2929","https://bubble-robotics.com",5,5,"","business_model; geographies; customers; founding_year; logo(weak)"
377,"Modern Hydrogen",2140,"modern-hydrogen-2140","https://modernhydrogen.com",5,5,"","core_tech; target_market; customers; founding_year; logo(weak)"
378,"Advanced Ionics",2137,"advanced-ionics-2137","https://advancedionics.com",5,5,"","core_tech; target_market; customers; founding_year; logo(weak)"
379,"Hystar",2138,"hystar-2138","https://hystar.com",5,5,"","core_tech; target_market; customers; founding_year; logo(weak)"
380,"Cariqa",2125,"cariqa-2125","https://cariqa.com",5,5,"","core_tech; target_market; customers; founding_year; logo(weak)"
381,"Enapter",2141,"enapter-2141","https://enapter.com",5,5,"","core_tech; target_market; customers; founding_year; logo(weak)"
382,"Hydrogenious LOHC Technologies",2142,"hydrogenious-lohc-technologies-2142","https://hydrogenious.net",5,5,"","core_tech; target_market; customers; founding_year; logo(weak)"
383,"Ohmium International",2131,"ohmium-international-2131","https://www.ohmium.com",5,5,"","core_tech; target_market; customers; founding_year; logo(weak)"
384,"WhyLabs",1785,"whylabs-1785","https://www.whylabs.com/",5,5,"","core_tech; target_market; customers; founding_year; logo(weak)"
385,"Oort Energy",2147,"oort-energy-2147","https://oortenergy.com",5,5,"","core_tech; target_market; customers; founding_year; logo(weak)"
386,"TOYO",2748,"toyo-2748","https://www.toyo-solar.com/",5,5,"","business_model; funding_stage; geographies; customers; founding_year"
387,"Digiclean",2941,"digiclean-2941","https://digicleansolutions.com",5,5,"","business_model; geographies; customers; founding_year; logo(weak)"
388,"The Cookstove Project",2290,"the-cookstove-project-2290","https://cookstoveproject.org",5,5,"","core_tech; target_market; customers; founding_year; logo(weak)"
389,"Vibrant Energy",2784,"vibrant-energy-2784","https://vibrantenergy.in",5,5,"","business_model; funding_stage; geographies; founding_year; logo(weak)"
390,"Evfly",2370,"evfly-2370","https://evfly.com",5,5,"","core_tech; target_market; customers; founding_year; logo(weak)"
391,"Seqana",2946,"seqana-2946","https://seqana.com",5,5,"","business_model; geographies; customers; founding_year; logo(weak)"
392,"Convion",2148,"convion-2148","https://convion.fi",5,5,"","core_tech; target_market; customers; founding_year; logo(weak)"
393,"EH Group",2149,"eh-group-2149","https://www.eh-group.com",5,5,"","core_tech; target_market; customers; founding_year; logo(weak)"
394,"Cylib",2751,"cylib-2751","https://www.cylib.de/",5,5,"","business_model; funding_stage; geographies; founding_year; logo(weak)"
395,"VFlowTech",2150,"vflowtech-2150","https://vflowtech.com",5,5,"","core_tech; target_market; customers; founding_year; logo(weak)"
396,"Polar Night Energy",2156,"polar-night-energy-2156","https://polarnightenergy.fi",5,5,"","core_tech; target_market; customers; founding_year; logo(weak)"
397,"Aquabattery",2157,"aquabattery-2157","https://aquabattery.nl",5,5,"","core_tech; target_market; customers; founding_year; logo(weak)"
398,"ACCES",2292,"acces-2292","https://acces.com",5,5,"","core_tech; target_market; customers; founding_year; logo(weak)"
399,"Field Energy",2154,"field-energy-2154","https://field.energy",5,5,"","core_tech; target_market; customers; founding_year; logo(weak)"
400,"EcoZoom",2294,"ecozoom-2294","https://ecozoom.com",5,5,"","core_tech; target_market; customers; founding_year; logo(weak)"
401,"Cache Energy",2155,"cache-energy-2155","https://cacheenergy.com",5,5,"","core_tech; target_market; customers; founding_year; logo(weak)"
402,"Queens Carbon",2162,"queens-carbon-2162","https://www.queenscarbon.com",5,5,"","core_tech; target_market; customers; founding_year; logo(weak)"
403,"Coolbrook",2168,"coolbrook-2168","https://coolbrook.com",5,5,"","core_tech; target_market; customers; founding_year; logo(weak)"
404,"Solugen",2171,"solugen-2171","https://solugen.com",5,5,"","core_tech; target_market; customers; founding_year; logo(weak)"
405,"Fenix Energy",2170,"fenix-energy-2170","https://fenix.energy",5,5,"","core_tech; target_market; customers; founding_year; logo(weak)"
406,"Karman Industries",2166,"karman-industries-2166","https://www.karmanindustries.com",5,5,"","core_tech; target_market; customers; founding_year; logo(weak)"
407,"Paradigm Project",2298,"paradigm-project-2298","https://theparadigmproject.org",5,5,"","core_tech; target_market; customers; founding_year; logo(weak)"
408,"Co-Reactive",2164,"co-reactive-2164","https://www.co-reactive.com",5,5,"","core_tech; target_market; customers; founding_year; logo(weak)"
409,"Electrified Thermal Solutions",2165,"electrified-thermal-solutions-2165","https://electrifiedthermal.com",5,5,"","core_tech; target_market; customers; founding_year; logo(weak)"
410,"Skyven Technologies",2167,"skyven-technologies-2167","https://skyven.com",5,5,"","core_tech; target_market; customers; founding_year; logo(weak)"
411,"StoveTec",2295,"stovetec-2295","https://stovetec.net",5,5,"","core_tech; target_market; customers; founding_year; logo(weak)"
412,"Prevalon Energy",2792,"prevalon-energy-2792","https://prevalonenergy.com",5,5,"","business_model; funding_stage; geographies; customers; founding_year"
413,"Radiant Nuclear",2174,"radiant-nuclear-2174","https://radiantnuclear.com",5,5,"","core_tech; target_market; customers; founding_year; logo(weak)"
414,"Kairos Power",2175,"kairos-power-2175","https://www.kairospower.com",5,5,"","core_tech; target_market; customers; founding_year; logo(weak)"
415,"Zap Energy",2176,"zap-energy-2176","https://www.zapenergy.com",5,5,"","core_tech; target_market; customers; founding_year; logo(weak)"
416,"NuScale Power",2173,"nuscale-power-2173","https://www.nuscalepower.com",5,5,"","core_tech; target_market; customers; founding_year; logo(weak)"
417,"Halter",2802,"halter-2802","https://halterhq.com",5,5,"","business_model; geographies; customers; founding_year; logo(weak)"
418,"Home | Noodoe",1416,"home-noodoe-1416","https://www.noodoe.com/",5,1,"name looks like a page title","founding_year"
419,"TAE Technologies",2180,"tae-technologies-2180","https://tae.com",5,5,"","core_tech; target_market; customers; founding_year; logo(weak)"
420,"Halocell Energy",2952,"halocell-energy-2952","https://halocell.energy",5,5,"","funding_stage; geographies; customers; founding_year; logo(weak)"
421,"Aalo Atomics",2178,"aalo-atomics-2178","https://www.aalo.com",5,5,"","core_tech; target_market; customers; founding_year; logo(weak)"
422,"Deep Fission",2179,"deep-fission-2179","https://deepfission.com",5,5,"","core_tech; target_market; customers; founding_year; logo(weak)"
423,"Newcleo",2181,"newcleo-2181","https://www.newcleo.com",5,5,"","core_tech; target_market; customers; founding_year; logo(weak)"
424,"Terrestrial Energy",2182,"terrestrial-energy-2182","https://www.terrestrialenergy.com",5,5,"","core_tech; target_market; customers; founding_year; logo(weak)"
425,"Zephyr International",2306,"zephyr-international-2306","https://zephyr-international.com",5,5,"","core_tech; target_market; customers; founding_year; logo(weak)"
426,"AES",2765,"aes-2765","https://aes.com",5,5,"","business_model; funding_stage; geographies; customers; founding_year"
427,"Beyond Aero",2185,"beyond-aero-2185","https://www.beyond-aero.com",5,5,"","core_tech; target_market; customers; founding_year; logo(weak)"
428,"Sylphaero",2186,"sylphaero-2186","https://www.sylphaero.com",5,5,"","core_tech; target_market; customers; founding_year; logo(weak)"
429,"H3X",2187,"h3x-2187","https://www.h3x.tech",5,5,"","core_tech; target_market; customers; founding_year; logo(weak)"
430,"HyFlux",2188,"hyflux-2188","https://www.hyflux.aero",5,5,"","core_tech; target_market; customers; founding_year; logo(weak)"
431,"Biomass Controls",2310,"biomass-controls-2310","https://biomasscontrols.com",5,5,"","core_tech; target_market; customers; founding_year; logo(weak)"
432,"Vista Energy",2197,"vista-energy-2197","https://vistaenergy.com",5,5,"","core_tech; target_market; customers; founding_year; logo(weak)"
433,"Stem",2198,"stem-2198","https://stem.com",5,5,"","core_tech; target_market; customers; founding_year; logo(weak)"
434,"KORALL",2322,"korall-2322","https://korall.se",5,5,"","core_tech; target_market; customers; founding_year; logo(weak)"
435,"SoloPower",2195,"solopower-2195","https://solopower.com",5,5,"","core_tech; target_market; customers; founding_year; logo(weak)"
436,"Yellow Door Energy",2194,"yellow-door-energy-2194","https://yellowdoorenergy.com",5,5,"","core_tech; target_market; customers; founding_year; logo(weak)"
437,"Terawind",2202,"terawind-2202","https://www.terawind.energy/",5,5,"","core_tech; target_market; customers; founding_year; logo(weak)"
438,"Aerones",2200,"aerones-2200","https://aerones.com/",5,5,"","core_tech; target_market; customers; founding_year; logo(weak)"
439,"Gazelle Wind Power",2201,"gazelle-wind-power-2201","https://gazellewindpower.com/",5,5,"","core_tech; target_market; customers; founding_year; logo(weak)"
440,"Aeromine Technologies",2203,"aeromine-technologies-2203","https://aerominetechnologies.com/",5,5,"","core_tech; target_market; customers; founding_year; logo(weak)"
441,"GEVI",2204,"gevi-2204","https://geviwind.com/",5,5,"","core_tech; target_market; customers; founding_year; logo(weak)"
442,"CleanStar Mozambique",2308,"cleanstar-mozambique-2308","https://cleanstar.org",5,5,"","core_tech; target_market; customers; founding_year; logo(weak)"
443,"bound4blue",2205,"bound4blue-2205","https://www.bound4blue.com/",5,5,"","core_tech; target_market; customers; founding_year; logo(weak)"
444,"Magnax",2206,"magnax-2206","https://www.magnax.com/",5,5,"","core_tech; target_market; customers; founding_year; logo(weak)"
445,"Hydro Wind Energy",2211,"hydro-wind-energy-2211","https://hydrowindenergy.com/",5,5,"","core_tech; target_market; customers; founding_year; logo(weak)"
446,"SkySpecs",2209,"skyspecs-2209","https://www.skyspecs.com/",5,5,"","core_tech; target_market; customers; founding_year; logo(weak)"
447,"Accio Energy",2210,"accio-energy-2210","https://www.accioenergy.com/",5,5,"","core_tech; target_market; customers; founding_year; logo(weak)"
448,"KC Wind",2215,"kc-wind-2215","https://www.kcwind.com/",5,5,"","core_tech; target_market; customers; founding_year; logo(weak)"
449,"Aircela",2326,"aircela-2326","https://aircela.com",5,5,"","core_tech; target_market; customers; founding_year; logo(weak)"
450,"Danotek Motion Technologies",2217,"danotek-motion-technologies-2217","https://www.danotek.com/",5,5,"","core_tech; target_market; customers; founding_year; logo(weak)"
451,"Nuvia Solutions",1247,"nuvia-solutions-1247","https://www.nuviasolutions.com/",4,4,"","core_tech; target_market; customers; founding_year"
452,"Shell Aviation",1260,"shell-aviation-1260","https://www.shell.com/energy-and-innovation/new-energies/aviation.html",4,4,"","core_tech; target_market; customers; founding_year"
453,"ClimateTrade",2072,"climatetrade-2072","https://climatetrade.com",4,4,"","core_tech; target_market; customers; founding_year"
454,"Overair",1650,"overair-1650","https://www.overair.com/",4,4,"","core_tech; target_market; customers; founding_year"
455,"EHang",1647,"ehang-1647","https://www.ehang.com/",4,4,"","core_tech; target_market; customers; founding_year"
456,"LONO",2082,"lono-2082","https://lono-ci.com/",4,4,"","core_tech; target_market; customers; founding_year"
457,"HyPoint",2422,"hypoint-2422","https://www.hypoint.com",4,4,"","core_tech; target_market; customers; founding_year"
458,"Fourth Power",2504,"fourth-power-2504","https://www.fourthpower.com",4,4,"","core_tech; target_market; customers; founding_year"
459,"EX-Fusion",2530,"ex-fusion-2530","https://www.ex-fusion.com",4,4,"","business_model; customers; founding_year; logo(weak)"
460,"Raydean",2906,"raydean-2906","https://raydean.com",4,4,"","business_model; geographies; customers; founding_year"
461,"Graphite Energy",2908,"graphite-energy-2908","https://graphiteenergy.com",4,4,"","business_model; geographies; customers; founding_year"
462,"Wright Electric",2705,"wright-electric-2705","https://wrightelectric.com",4,4,"","business_model; funding_stage; geographies; founding_year"
463,"Electra",2709,"electra-2709","https://electra.city",4,4,"","business_model; funding_stage; geographies; founding_year"
464,"Arcturus",2911,"arcturus-2911","https://arcturus.io",4,4,"","geographies; customers; founding_year; logo(weak)"
465,"X1 Wind",1889,"x1-wind-1889","https://www.x1wind.com/",4,4,"","core_tech; target_market; customers; founding_year"
466,"Eviation",1636,"eviation-1636","https://www.eviation.com/",4,4,"","core_tech; target_market; customers; founding_year"
467,"Oxylus Energy",2272,"oxylus-energy-2272","https://oxylus-energy.com",4,4,"","core_tech; target_market; customers; founding_year"
468,"ZeroAvia",1643,"zeroavia-1643","https://www.zeroavia.com/",4,4,"","core_tech; target_market; customers; founding_year"
469,"Elroy Air",1645,"elroy-air-1645","https://www.elroy.aero/",4,4,"","core_tech; target_market; customers; founding_year"
470,"Mikal Løvik's startup",2924,"mikal-l-vik-s-startup-2924","https://eqon.com",4,4,"","funding_stage; geographies; founding_year; logo(weak)"
471,"HySiLabs",2440,"hysilabs-2440","https://hysilabs.com",4,4,"","core_tech; target_market; customers; founding_year"
472,"Unbound Potential",2227,"unbound-potential-2227","https://unboundpotential.com",4,4,"","core_tech; target_market; customers; founding_year"
473,"FELUDA",2336,"feluda-2336","https://feluda.earth",4,4,"","core_tech; target_market; customers; founding_year"
474,"Advanced Biofuel Solutions",2554,"advanced-biofuel-solutions-2554","https://advancedbiofuelsolutions.com",4,4,"","core_tech; target_market; customers; founding_year"
475,"EneCoat Technologies",2595,"enecoat-technologies-2595","https://enecoat.co.jp",4,4,"","core_tech; target_market; customers; founding_year"
476,"Aampere",2931,"aampere-2931","https://aampere.com",4,4,"","geographies; customers; founding_year; logo(weak)"
477,"Flow Aluminium",2231,"flow-aluminium-2231","https://flowaluminium.com",4,4,"","core_tech; target_market; customers; founding_year"
478,"TaiSan",2932,"taisan-2932","https://taisan.co.uk",4,4,"","business_model; geographies; customers; founding_year"
479,"Paterson Energy",2557,"paterson-energy-2557","https://www.paterson-energy.com",4,4,"","core_tech; target_market; customers; founding_year"
480,"Aemetis",2559,"aemetis-2559","https://www.aemetis.com",4,4,"","core_tech; target_market; customers; founding_year"
481,"Enel X Way",1410,"enel-x-way-1410","https://www.enelxway.com/",4,4,"","core_tech; target_market; customers; founding_year"
482,"Cloneable",2933,"cloneable-2933","https://cloneable.ai",4,4,"","geographies; customers; founding_year; logo(weak)"
483,"Bacancy Systems",2936,"bacancy-systems-2936","https://bacancysystems.com",4,4,"","business_model; geographies; customers; founding_year"
484,"Phykos",2348,"phykos-2348","https://phykos.co",4,4,"","core_tech; target_market; customers; founding_year"
485,"UtmoLight",2594,"utmolight-2594","https://utmolight.com",4,4,"","core_tech; target_market; customers; founding_year"
486,"RPD Technologies",2937,"rpd-technologies-2937","https://rpdtechnologies.com",4,4,"","funding_stage; geographies; customers; founding_year"
487,"Hunt Perovskite Technologies",2596,"hunt-perovskite-technologies-2596","https://huntperovskite.com",4,4,"","core_tech; target_market; customers; founding_year"
488,"Greatcell Energy",2597,"greatcell-energy-2597","https://greatcell.com.au",4,4,"","core_tech; target_market; customers; founding_year"
489,"Infinitree",2102,"infinitree-2102","https://www.infinitree.com",4,4,"","core_tech; target_market; customers; founding_year"
490,"Naked Energy",2606,"naked-energy-2606","https://nakednrg.com",4,4,"","core_tech; target_market; customers; founding_year"
491,"Radiant Industries",1343,"radiant-industries-1343","",4,6,"","description; core_tech; target_market; customers; founding_year; logo(weak)"
492,"Nordex SE",1455,"nordex-se-1455","https://www.nordex-online.com/",4,4,"","core_tech; target_market; customers; founding_year"
493,"Terrafugia",1658,"terrafugia-1658","https://www.terrafugia.com/",4,4,"","core_tech; target_market; customers; founding_year"
494,"Wärstilä Energy Storage",2756,"w-rstil-energy-storage-2756","https://www.wartsila.com/",4,4,"","business_model; funding_stage; geographies; founding_year"
495,"Time Energy Storage",2246,"time-energy-storage-2246","https://timeenergystorage.com",4,4,"","core_tech; target_market; customers; founding_year"
496,"Kitty Hawk",1652,"kitty-hawk-1652","https://www.kitty-hawk.com/",4,4,"","core_tech; target_market; customers; founding_year"
497,"NEVA Aerospace",1662,"neva-aerospace-1662","https://www.neva.aero/",4,4,"","core_tech; target_market; customers; founding_year"
498,"Volt Harbor",2944,"volt-harbor-2944","https://voltharbor.com",4,4,"","business_model; geographies; customers; founding_year"
499,"Universal Hydrogen",1642,"universal-hydrogen-1642","https://www.universal-hydrogen.com/",4,4,"","core_tech; target_market; customers; founding_year"
500,"Hertha Metals",2482,"hertha-metals-2482","https://www.hertametals.com",4,4,"","core_tech; target_market; customers; founding_year"
501,"Airbus Helicopters",1681,"airbus-helicopters-1681","https://www.airbus-helicopters.com/",4,4,"","core_tech; target_market; customers; founding_year"
502,"Pratt Whitney",1679,"pratt-whitney-1679","https://www.pratt-whitney.com/",4,4,"","core_tech; target_market; customers; founding_year"
503,"Skai",1690,"skai-1690","https://www.skai.co/",4,4,"","core_tech; target_market; customers; founding_year"
504,"Corre Energy",2459,"corre-energy-2459","https://www.correenergy.com",4,4,"","core_tech; target_market; customers; founding_year"
505,"Electric Aircraft Co",2374,"electric-aircraft-co-2374","https://electric-aircraft.co",4,4,"","core_tech; target_market; customers; founding_year"
506,"Kleindiekmann",1669,"kleindiekmann-1669","https://www.kleindiekmann.com/",4,4,"","core_tech; target_market; customers; founding_year"
507,"Opener",1668,"opener-1668","https://www.opener.aero/",4,4,"","core_tech; target_market; customers; founding_year"
508,"PAL-V",1667,"pal-v-1667","https://www.pal-v.com/",4,4,"","core_tech; target_market; customers; founding_year"
509,"The ePlane Company",1697,"the-eplane-company-1697","https://www.eplanecompany.com/",4,4,"","core_tech; target_market; customers; founding_year"
510,"Publications",1600,"publications-1600","https://www.mecs.org.uk",4,4,"","core_tech; target_market; customers; founding_year"
511,"Alaka",1691,"alaka-1691","https://www.alaka.ai/",4,4,"","core_tech; target_market; customers; founding_year"
512,"Wild Hydrogen",2441,"wild-hydrogen-2441","https://wildhydrogen.com",4,4,"","core_tech; target_market; customers; founding_year"
513,"Cityairbus",1694,"cityairbus-1694","https://www.cityairbus.com/",4,4,"","core_tech; target_market; customers; founding_year"
514,"Alva Industries",2881,"alva-industries-2881","https://alvaindustries.com",4,4,"","business_model; geographies; founding_year; logo(weak)"
515,"Eviation Motors",2361,"eviation-motors-2361","https://eviation.co",4,4,"","core_tech; target_market; customers; founding_year"
516,"Cora",1695,"cora-1695","https://www.cora.aero/",4,4,"","core_tech; target_market; customers; founding_year"
517,"Piersica",1938,"piersica-1938","https://piersica.com/",4,4,"","target_market; customers; founding_year; logo(weak)"
518,"Nanjing Gasgene Biotechnology",2503,"nanjing-gasgene-biotechnology-2503","https://www.gasgene.com",4,4,"","core_tech; target_market; customers; founding_year"
519,"Apus Group",2363,"apus-group-2363","https://www.apus.aero",4,4,"","core_tech; target_market; customers; founding_year"
520,"Gyapa Cookstove",2288,"gyapa-cookstove-2288","https://gyapa.com",4,4,"","core_tech; target_market; customers; founding_year"
521,"Voxel",2037,"voxel-2037","https://voxel.com",4,4,"","core_tech; target_market; customers; founding_year"
522,"GridBeyond",2888,"gridbeyond-2888","https://gridbeyond.com",4,4,"","business_model; geographies; customers; founding_year"
523,"Noon Energy",2055,"noon-energy-2055","https://noonenergy.com",4,4,"","core_tech; target_market; customers; founding_year"
524,"Ceezer",2063,"ceezer-2063","https://ceezer.io",4,4,"","core_tech; target_market; customers; founding_year"
525,"Helix Earth Technologies",2896,"helix-earth-technologies-2896","https://helixearth.com",4,4,"","business_model; geographies; customers; founding_year"
526,"Gigablue",2076,"gigablue-2076","https://gigablue.com",4,4,"","core_tech; target_market; customers; founding_year"
527,"Casimir",2897,"casimir-2897","https://casimir.inc",4,4,"","geographies; customers; founding_year; logo(weak)"
528,"SA Sustainable",1255,"sa-sustainable-1255","https://www.saustainable.com/",4,4,"","core_tech; target_market; customers; founding_year"
529,"Envisioncn",1834,"envisioncn-1834","https://www.envisioncn.com/",4,4,"","core_tech; target_market; customers; founding_year"
530,"KOKO Networks",2077,"koko-networks-2077","https://kokonetworks.com/",4,4,"","core_tech; target_market; customers; founding_year"
531,"Rainbow Crops",2902,"rainbow-crops-2902","https://rainbowcrops.com",4,4,"","geographies; customers; founding_year; logo(weak)"
532,"Siam Biomass Energy",2083,"siam-biomass-energy-2083","https://siambiomass.com/",4,4,"","core_tech; target_market; customers; founding_year"
533,"DeCharge Network",2712,"decharge-network-2712","https://decharge.in",4,4,"","business_model; funding_stage; geographies; founding_year"
534,"Requin",2364,"requin-2364","https://www.requin.aero",4,4,"","core_tech; target_market; customers; founding_year"
535,"Eve Air Mobility",2105,"eve-air-mobility-2105","https://eveairmobility.com/",4,4,"","core_tech; target_market; customers; founding_year"
536,"Flyv",1711,"flyv-1711","https://www.flyv.aero/",4,4,"","core_tech; target_market; customers; founding_year"
537,"Eviation Power",2368,"eviation-power-2368","https://eviation-power.com",4,4,"","core_tech; target_market; customers; founding_year"
538,"Flyingwhales",1698,"flyingwhales-1698","https://www.flyingwhales.com/",4,4,"","core_tech; target_market; customers; founding_year"
539,"Kitty Hawk",1700,"kitty-hawk-1700","https://www.kittyhawk.aero/",4,4,"","core_tech; target_market; customers; founding_year"
540,"Oberon Fuels",1241,"oberon-fuels-1241","https://www.oberon-fuels.com/",4,4,"","core_tech; target_market; customers; founding_year"
541,"REGENT",1704,"regent-1704","https://www.regent.aero/",4,4,"","core_tech; target_market; customers; founding_year"
542,"Astranova Mobility",2919,"astranova-mobility-2919","https://astranovamobility.com",4,4,"","geographies; customers; founding_year; logo(weak)"
543,"Altair Nanotechnologies",1243,"altair-nanotechnologies-1243","https://www.altaircleantechnology.com/",4,4,"","core_tech; target_market; customers; founding_year"
544,"Eviation Systems",2365,"eviation-systems-2365","https://eviation-systems.com",4,4,"","core_tech; target_market; customers; founding_year"
545,"Xti Aircraft",1709,"xti-aircraft-1709","https://www.xti-aircraft.com/",4,4,"","core_tech; target_market; customers; founding_year"
546,"DeCharge Network",2119,"decharge-network-2119","https://decharge.co.in",4,4,"","core_tech; target_market; customers; founding_year"
547,"Titan Hydrogen",2448,"titan-hydrogen-2448","https://titanhydrogen.com",4,4,"","core_tech; target_market; customers; founding_year"
548,"KONTAK",2449,"kontak-2449","https://kontakenergy.com",4,4,"","core_tech; target_market; customers; founding_year"
549,"TotalEnergies SAF",1262,"totalenergies-saf-1262","https://www.totalenergies.com/energy-expertise/projects/biogas-biomass/sustainable-aviation-fuel",4,4,"","core_tech; target_market; customers; founding_year"
550,"Honeywell UOP",1259,"honeywell-uop-1259","https://www.honeywell.com/en-us/newsroom/news/2021/03/honeywell-uop-ecofining",4,4,"","core_tech; target_market; customers; founding_year"
551,"African Clean Energy",2299,"african-clean-energy-2299","https://www.african-clean-energy.com",4,4,"","core_tech; target_market; customers; founding_year"
552,"SITU Energy",2126,"situ-energy-2126","https://situenergy.com",4,4,"","core_tech; target_market; customers; founding_year"
553,"Tulum Energy",2454,"tulum-energy-2454","https://tulumenergy.com",4,4,"","core_tech; target_market; customers; founding_year"
554,"Hysata",2133,"hysata-2133","https://hysata.com",4,4,"","core_tech; target_market; customers; founding_year"
555,"Level Nine",2927,"level-nine-2927","https://levelninelabs.com",4,4,"","geographies; customers; founding_year; logo(weak)"
556,"SABIC",1244,"sabic-1244","https://www.sabicinnovates.com/",4,4,"","core_tech; target_market; customers; founding_year"
557,"British Volt",1542,"british-volt-1542","https://www.britishvolt.com/",4,4,"","core_tech; target_market; customers; founding_year"
558,"Biokemik",1256,"biokemik-1256","https://www.biokemik.com/",4,4,"","core_tech; target_market; customers; founding_year"
559,"nuuEnergy",2930,"nuuenergy-2930","https://nuuenergy.com",4,4,"","geographies; customers; founding_year; logo(weak)"
560,"GenCell Energy",2143,"gencell-energy-2143","https://gencell.com",4,4,"","core_tech; target_market; customers; founding_year"
561,"Nscale",2774,"nscale-2774","https://nscale.com",4,4,"","geographies; customers; founding_year; logo(weak)"
562,"FastCAP Systems",1725,"fastcap-systems-1725","https://www.fastcapsystems.com/",4,4,"","core_tech; target_market; customers; founding_year"
563,"Sequestra",2938,"sequestra-2938","https://sequestra.tech",4,4,"","business_model; geographies; customers; founding_year"
564,"Zigzag Global",2297,"zigzag-global-2297","https://zigzag-global.com",4,4,"","core_tech; target_market; customers; founding_year"
565,"Northwest Advanced Biofuels",2574,"northwest-advanced-biofuels-2574","https://www.nwadvancedbiofuels.com",4,4,"","core_tech; target_market; customers; founding_year"
566,"H2Pro",2145,"h2pro-2145","https://h2pro.com",4,4,"","core_tech; target_market; customers; founding_year"
567,"Emerging Cooking Solutions",2287,"emerging-cooking-solutions-2287","https://emergingcookingsolutions.com",4,4,"","core_tech; target_market; customers; founding_year"
568,"Solidia",999,"solidia-999","https://www.solidiatech.com",4,4,"","core_tech; target_market; customers; founding_year"
569,"Joule Unlimited",1268,"joule-unlimited-1268","https://www.jouleunlimited.com/",4,4,"","core_tech; target_market; customers; founding_year"
570,"Nirova",2940,"nirova-2940","https://nirova.com",4,4,"","business_model; geographies; customers; founding_year"
571,"Green Hydrogen",1821,"green-hydrogen-1821","",4,6,"","description; core_tech; target_market; customers; founding_year; logo(weak)"
572,"Hoeller",1824,"hoeller-1824","",4,6,"","core_tech; business_model; target_market; customers; founding_year; logo(weak)"
573,"Aqua Hydrox",1822,"aqua-hydrox-1822","",4,6,"","core_tech; business_model; target_market; customers; founding_year; logo(weak)"
574,"Ganfenglithium",1746,"ganfenglithium-1746","https://www.ganfenglithium.com/",4,4,"","core_tech; target_market; customers; founding_year"
575,"H2 Power Energy",1827,"h2-power-energy-1827","",4,6,"","core_tech; business_model; target_market; customers; founding_year; logo(weak)"
576,"McPhy",1826,"mcphy-1826","",4,6,"","description; core_tech; target_market; customers; founding_year; logo(weak)"
577,"Milo Drive",2943,"milo-drive-2943","https://milodrive.com",4,4,"","geographies; customers; founding_year; logo(weak)"
578,"Cook Clean",2289,"cook-clean-2289","https://cookclean.com.gh",4,4,"","core_tech; target_market; customers; founding_year"
579,"Ecosense",2291,"ecosense-2291","https://ecosense-global.com",4,4,"","core_tech; target_market; customers; founding_year"
580,"Johnson Matthey",1239,"johnson-matthey-1239","https://www.johnson-matthey.com/",4,4,"","core_tech; target_market; customers; founding_year"
581,"GravitHy",2158,"gravithy-2158","https://www.gravithy.com",4,4,"","core_tech; target_market; customers; founding_year"
582,"Brimstone Energy",2160,"brimstone-energy-2160","https://www.brimstoneenergy.com",4,4,"","core_tech; target_market; customers; founding_year"
583,"Proxima Fusion",2788,"proxima-fusion-2788","https://proximafusion.com",4,4,"","geographies; customers; founding_year; logo(weak)"
584,"Cambridge Electric Cement",2163,"cambridge-electric-cement-2163","https://www.cec-ltd.co.uk",4,4,"","core_tech; target_market; customers; founding_year"
585,"InStove",2296,"instove-2296","https://instove.org",4,4,"","core_tech; target_market; customers; founding_year"
586,"Flowcarbon",2662,"flowcarbon-2662","https://flowcarbon.com",4,4,"","business_model; funding_stage; geographies; founding_year"
587,"Principled Power",1482,"principled-power-1482","https://www.principle-power.com/",4,4,"","core_tech; target_market; customers; founding_year"
588,"AtmosZero",2487,"atmoszero-2487","https://www.atmosfero.io",4,4,"","core_tech; target_market; customers; founding_year"
589,"Prometheus Materials",2484,"prometheus-materials-2484","https://www.prometheusmaterials.com",4,4,"","core_tech; target_market; customers; founding_year"
590,"Harvest Thermal",2490,"harvest-thermal-2490","https://www.harvestthermal.com",4,4,"","core_tech; target_market; customers; founding_year"
591,"Heatrix",2492,"heatrix-2492","https://www.heatrix.com",4,4,"","core_tech; target_market; customers; founding_year"
592,"Ardent",2496,"ardent-2496","https://www.ardent.com",4,4,"","core_tech; target_market; customers; founding_year"
593,"Einsted",2498,"einsted-2498","https://www.einsted.com",4,4,"","core_tech; target_market; customers; founding_year"
594,"Energy Singularity",2531,"energy-singularity-2531","https://www.energy-singularity.com",4,4,"","core_tech; target_market; customers; founding_year"
595,"Atomic Alchemy",2539,"atomic-alchemy-2539","https://www.atomicalchemy.com",4,4,"","core_tech; target_market; customers; founding_year"
596,"ARC Clean Technology",2541,"arc-clean-technology-2541","https://www.arcleantechnol.com",4,4,"","core_tech; target_market; customers; founding_year"
597,"Transatomic Power",2546,"transatomic-power-2546","https://www.transatomicpower.com",4,4,"","core_tech; target_market; customers; founding_year"
598,"Air BP",1261,"air-bp-1261","https://www.bp.com/en/global/air-bp/news-and-views/press-releases/air-bp-and-neste-to-supply-saf.html",4,4,"","core_tech; target_market; customers; founding_year"
599,"ILOS",2798,"ilos-2798","https://ilos-energy.com",4,4,"","geographies; customers; founding_year; logo(weak)"
600,"EVI Technologies",2400,"evi-technologies-2400","https://evitechnologies.com",4,4,"","core_tech; target_market; customers; founding_year"
601,"Eclipse",2224,"eclipse-2224","https://eclipse.energy",4,4,"","core_tech; target_market; customers; founding_year"
602,"XESS Energy",2225,"xess-energy-2225","https://xessenergy.com",4,4,"","core_tech; target_market; customers; founding_year"
603,"Greenlyte",2552,"greenlyte-2552","https://greenlyte.de",4,4,"","core_tech; target_market; customers; founding_year"
604,"Soltair Power",2553,"soltair-power-2553","https://www.soltair.fi",4,4,"","core_tech; target_market; customers; founding_year"
605,"Kigali Stove Company",2301,"kigali-stove-company-2301","https://kigalistoves.com",4,4,"","core_tech; target_market; customers; founding_year"
606,"ZeroEmission Aviation",2377,"zeroemission-aviation-2377","https://zero-emission.aero",4,4,"","core_tech; target_market; customers; founding_year"
607,"Caphenia",2561,"caphenia-2561","https://www.caphenia.de",4,4,"","core_tech; target_market; customers; founding_year"
608,"Prieto Battery",2236,"prieto-battery-2236","https://prietobattery.com",4,4,"","core_tech; target_market; customers; founding_year"
609,"Ambient",2238,"ambient-2238","https://ambientphotovoltaic.com",4,4,"","core_tech; target_market; customers; founding_year"
610,"Cancrie",2240,"cancrie-2240","https://cancrie.com",4,4,"","core_tech; target_market; customers; founding_year"
611,"BrightVolt",2235,"brightvolt-2235","https://brightvolt.com",4,4,"","core_tech; target_market; customers; founding_year"
612,"DS DANSUK",2572,"ds-dansuk-2572","https://www.dsdansuk.com",4,4,"","core_tech; target_market; customers; founding_year"
613,"Metris Solar",2611,"metris-solar-2611","https://metris.solar",4,4,"","core_tech; target_market; customers; founding_year"
614,"Terra Energy",2590,"terra-energy-2590","https://terraenergy.com",4,4,"","core_tech; target_market; customers; founding_year"
615,"Aura Solar",2599,"aura-solar-2599","https://aurasolar.om",4,4,"","core_tech; target_market; customers; founding_year"
616,"Sun'Agri",2600,"sun-agri-2600","https://sun-agri.fr",4,4,"","core_tech; target_market; customers; founding_year"
617,"Astro Energy",2604,"astro-energy-2604","https://astroenergy.com",4,4,"","core_tech; target_market; customers; founding_year"
618,"Verne",2184,"verne-2184","https://www.verne.co",4,4,"","core_tech; target_market; customers; founding_year"
619,"VerdeGo Aero",2189,"verdego-aero-2189","https://www.verdego.aero",4,4,"","core_tech; target_market; customers; founding_year"
620,"Volocity",1659,"volocity-1659","https://www.volocity.com/",4,4,"","core_tech; target_market; customers; founding_year"
621,"Seaforestation",2342,"seaforestation-2342","https://seaforestation.co",4,4,"","target_market; customers; founding_year; logo(weak)"
622,"ASKA",1649,"aska-1649","https://www.aska.aero/",4,4,"","core_tech; target_market; customers; founding_year"
623,"Imperial County",1527,"imperial-county-1527","https://www.imperialcounty.org/",4,4,"","core_tech; target_market; customers; founding_year"
624,"Equatic",2345,"equatic-2345","https://equatic.tech",4,4,"","target_market; customers; founding_year; logo(weak)"
625,"Improved Cookstoves Kenya",2312,"improved-cookstoves-kenya-2312","https://ick.co.ke",4,4,"","core_tech; target_market; customers; founding_year"
626,"Rivian",2767,"rivian-2767","https://rivian.com",4,4,"","business_model; geographies; customers; founding_year"
627,"Starfish Space",2822,"starfish-space-2822","https://starfishspace.com",4,4,"","geographies; customers; founding_year; logo(weak)"
628,"Safran Group",1675,"safran-group-1675","https://www.safran-group.com/",4,4,"","core_tech; target_market; customers; founding_year"
629,"EPG",2824,"epg-2824","https://epg-module.com",4,4,"","business_model; geographies; customers; founding_year"
630,"Eco Stoves Kenya",2307,"eco-stoves-kenya-2307","https://ecostoveskenya.com",4,4,"","core_tech; target_market; customers; founding_year"
631,"Hybrid Aviation",2373,"hybrid-aviation-2373","https://hybrid-aviation.com",4,4,"","core_tech; target_market; customers; founding_year"
632,"PowerUp Energy Technologies",2423,"powerup-energy-technologies-2423","https://powerupenergy.com",4,4,"","core_tech; target_market; customers; founding_year"
633,"Windar Photonics",2207,"windar-photonics-2207","https://www.windarphotonics.com/",4,4,"","core_tech; target_market; customers; founding_year"
634,"U.S. Steel",2770,"u-s-steel-2770","https://ussteel.com",4,4,"","geographies; customers; founding_year; logo(weak)"
635,"e-Zn",2221,"e-zn-2221","https://e-znbattery.com",4,4,"","core_tech; target_market; customers; founding_year"
636,"Southwest Windpower",2212,"southwest-windpower-2212","https://www.swwindpower.com/",4,4,"","core_tech; target_market; customers; founding_year"
637,"Axiflux",2213,"axiflux-2213","https://www.axiflux.com.au/",4,4,"","core_tech; target_market; customers; founding_year"
638,"Winder",2214,"winder-2214","https://winder.energy/",4,4,"","core_tech; target_market; customers; founding_year"
639,"Marquiss Wind Power",2216,"marquiss-wind-power-2216","https://www.marquisswindpower.com/",4,4,"","core_tech; target_market; customers; founding_year"
640,"fortyfour",2324,"fortyfour-2324","https://fortyfour.ch",4,4,"","core_tech; target_market; customers; founding_year"
641,"IPX Power",2772,"ipx-power-2772","https://ipxpower.com",4,4,"","core_tech; geographies; customers; founding_year"
642,"ENERPARC AG",2776,"enerparc-ag-2776","https://enerparc.de",4,4,"","business_model; geographies; customers; founding_year"
643,"Syzygy Plasmonics",2146,"syzygy-plasmonics-2146","https://syzygiplasmonics.com",4,4,"","core_tech; target_market; customers; founding_year"
644,"United Solar",2773,"united-solar-2773","https://unitedsolarholding.com",4,4,"","business_model; geographies; founding_year; logo(weak)"
645,"Skytree",2318,"skytree-2318","https://skytree.eu",3,3,"","customers; founding_year; logo(weak)"
646,"Phytokana Ingredients",2880,"phytokana-ingredients-2880","https://phytokana.com",3,3,"","geographies; customers; founding_year"
647,"ESS Tech, Inc.",1555,"ess-tech-inc-1555","https://www.essinc.com/",3,3,"","business_model; customers; founding_year"
648,"Samsung SDI",1539,"samsung-sdi-1539","https://www.samsungsdi.com/",3,3,"","customers; founding_year; logo(weak)"
649,"Mako",2878,"mako-2878","https://mako.aero",3,3,"","business_model; geographies; founding_year"
650,"Hydrogenious",1299,"hydrogenious-1299","",3,5,"","core_tech; target_market; customers; founding_year; logo(weak)"
651,"Exergy3",2889,"exergy3-2889","https://exergy3.com",3,3,"","business_model; geographies; founding_year"
652,"Kvasir Technologies",2894,"kvasir-technologies-2894","https://kvasirtechnologies.com",3,3,"","geographies; customers; founding_year"
653,"Hy24 Partners",1796,"hy24-partners-1796","",3,5,"","core_tech; target_market; customers; founding_year; logo(weak)"
654,"Electric Hydrogen",1270,"electric-hydrogen-1270","",3,5,"","core_tech; target_market; customers; founding_year; logo(weak)"
655,"Palmetto",1918,"palmetto-1918","https://palmetto.com/",3,3,"","customers; founding_year; logo(weak)"
656,"SmartD Technologies",2903,"smartd-technologies-2903","https://smartd.tech",3,3,"","business_model; geographies; founding_year"
657,"Geothermal Power Plant",1531,"geothermal-power-plant-1531","https://www.geothermalpowerplant.com/",3,3,"","customers; founding_year; logo(weak)"
658,"Thyssenkrupp Nucera",1289,"thyssenkrupp-nucera-1289","",3,5,"","core_tech; target_market; customers; founding_year; logo(weak)"
659,"Mammoth Lakes",1526,"mammoth-lakes-1526","https://www.mammothlakes.com/",3,3,"","target_market; customers; founding_year"
660,"Elvy",2914,"elvy-2914","https://elvyenergy.com",3,3,"","geographies; customers; founding_year"
661,"Foreverland",2918,"foreverland-2918","https://foreverland.it",3,3,"","geographies; customers; founding_year"
662,"Redox",1050,"redox-1050","https://redoxone.com",3,3,"","target_market; customers; founding_year"
663,"Aardaia",2925,"aardaia-2925","https://aardaia.com",3,3,"","geographies; customers; founding_year"
664,"Ohmium",1291,"ohmium-1291","",3,5,"","core_tech; target_market; customers; founding_year; logo(weak)"
665,"Linde",1285,"linde-1285","",3,5,"","core_tech; target_market; customers; founding_year; logo(weak)"
666,"Adden Energy",2234,"adden-energy-2234","https://addenenergy.com",3,3,"","customers; founding_year; logo(weak)"
667,"Alpitronic",1414,"alpitronic-1414","https://www.alpitronic.it/",3,3,"","target_market; customers; founding_year"
668,"ION Clean Energy",1945,"ion-clean-energy-1945","https://www.ioncleanenergy.com/",3,3,"","customers; founding_year; logo(weak)"
669,"Type One Energy",1334,"type-one-energy-1334","",3,5,"","core_tech; target_market; customers; founding_year; logo(weak)"
670,"Flux XII",2239,"flux-xii-2239","https://flux12.com",3,3,"","customers; founding_year; logo(weak)"
671,"FuelCell Energy",1303,"fuelcell-energy-1303","",3,5,"","core_tech; target_market; customers; founding_year; logo(weak)"
672,"LiNa Energy",2226,"lina-energy-2226","https://lina-energy.com",3,3,"","customers; founding_year; logo(weak)"
673,"King Tide Carbon",2347,"king-tide-carbon-2347","https://kingtidecarbon.com",3,3,"","customers; founding_year; logo(weak)"
674,"TAE",1346,"tae-1346","",3,5,"","core_tech; target_market; customers; founding_year; logo(weak)"
675,"Commonwealth Fusion",1359,"commonwealth-fusion-1359","",3,5,"","core_tech; target_market; customers; founding_year; logo(weak)"
676,"UNIGRID",2244,"unigrid-2244","https://unigridbattery.com",3,3,"","customers; founding_year; logo(weak)"
677,"LowCarbon",2103,"lowcarbon-2103","https://www.lowcarbon.co.kr",3,3,"","target_market; customers; founding_year"
678,"NanoGraf",2051,"nanograf-2051","https://www.nanograf.com",3,3,"","customers; founding_year; logo(weak)"
679,"Ohmium",1807,"ohmium-1807","",3,5,"","core_tech; target_market; customers; founding_year; logo(weak)"
680,"NuScale",1389,"nuscale-1389","",3,5,"","core_tech; target_market; customers; founding_year; logo(weak)"
681,"First Hydrogen",1277,"first-hydrogen-1277","",3,5,"","core_tech; target_market; customers; founding_year; logo(weak)"
682,"NineDot Energy",2153,"ninedot-energy-2153","https://ninedotenergy.com",3,3,"","business_model; customers; founding_year"
683,"The Protein Brewery",2876,"the-protein-brewery-2876","https://theproteinbrewery.nl",3,3,"","geographies; customers; founding_year"
684,"ThyssenKrupp Uhde",1825,"thyssenkrupp-uhde-1825","",3,5,"","core_tech; target_market; customers; founding_year; logo(weak)"
685,"Stenon",2877,"stenon-2877","https://stenon.io",3,3,"","business_model; geographies; founding_year"
686,"Critical Energy",2879,"critical-energy-2879","https://criticalenergy.com",3,3,"","geographies; customers; founding_year"
687,"The Charcoal Project",1312,"the-charcoal-project-1312","https://www.charcoalproject.org",3,3,"","target_market; customers; founding_year"
688,"Modo Energy",2884,"modo-energy-2884","https://modoenergy.com",3,3,"","business_model; geographies; founding_year"
689,"H2Scan",1830,"h2scan-1830","",3,5,"","core_tech; target_market; customers; founding_year; logo(weak)"
690,"Pure Lithium",1978,"pure-lithium-1978","https://purelithium.io/",3,3,"","customers; founding_year; logo(weak)"
691,"Metastable Materials",2028,"metastable-materials-2028","https://www.metastable.in/",3,3,"","customers; founding_year; logo(weak)"
692,"HVR Energy",2886,"hvr-energy-2886","https://hvrenergy.com",3,3,"","business_model; geographies; founding_year"
693,"HiNa Battery",2232,"hina-battery-2232","https://hinabattery.com",3,3,"","customers; founding_year; logo(weak)"
694,"ECOncrete",2887,"econcrete-2887","https://econcretetech.com",3,3,"","business_model; geographies; founding_year"
695,"Texture",2892,"texture-2892","https://texturehq.com",3,3,"","business_model; geographies; founding_year"
696,"Factorial Energy",2048,"factorial-energy-2048","https://factorialenergy.com",3,3,"","customers; founding_year; logo(weak)"
697,"This is RWE",1460,"this-is-rwe-1460","https://www.rwe.com/",3,3,"","target_market; customers; founding_year"
698,"Circular Materials",2893,"circular-materials-2893","https://circularmaterials.it",3,3,"","geographies; customers; founding_year"
699,"Schneider Electric",825,"schneider-electric-825","https://www.innergex.com",3,3,"","target_market; customers; founding_year"
700,"CullBeck",2895,"cullbeck-2895","https://cullbeck.com",3,3,"","geographies; customers; founding_year"
701,"SeaO2",2346,"seao2-2346","https://seao2.com",3,3,"","customers; founding_year; logo(weak)"
702,"Fuchs & Eule",2900,"fuchs-eule-2900","https://fuchs-eule.de",3,3,"","geographies; founding_year; logo(weak)"
703,"Centrus",1372,"centrus-1372","",3,5,"","core_tech; target_market; customers; founding_year; logo(weak)"
704,"BatX Energies",2901,"batx-energies-2901","https://batxenergies.com",3,3,"","geographies; customers; founding_year"
705,"Bluecore Energy",2905,"bluecore-energy-2905","https://bluecore.energy",3,3,"","geographies; customers; founding_year"
706,"Vortex Bladeless",1476,"vortex-bladeless-1476","https://www.vortexbladeless.com/",3,3,"","customers; founding_year; logo(weak)"
707,"ZeoDac",2095,"zeodac-2095","https://www.zeodac.com",3,3,"","customers; founding_year; logo(weak)"
708,"Airhive",2096,"airhive-2096","https://www.airhive.earth",3,3,"","customers; founding_year; logo(weak)"
709,"ECOMMIT",2909,"ecommit-2909","https://ecommit.jp",3,3,"","business_model; geographies; founding_year"
710,"Arkle",1051,"arkle-1051","https://www.arkleenergy.com",3,3,"","target_market; customers; founding_year"
711,"Parallel Carbon",2099,"parallel-carbon-2099","https://www.parallelcarbon.com",3,3,"","customers; founding_year; logo(weak)"
712,"Oklo",1321,"oklo-1321","",3,5,"","core_tech; target_market; customers; founding_year; logo(weak)"
713,"Resurrect Bio",2912,"resurrect-bio-2912","https://resurrect.bio",3,3,"","geographies; customers; founding_year"
714,"Kilter",2913,"kilter-2913","https://kiltersystems.com",3,3,"","geographies; customers; founding_year"
715,"Gaia Refinery",2100,"gaia-refinery-2100","https://gaiarefinery.com",3,3,"","customers; founding_year; logo(weak)"
716,"Rubi Laboratories",2915,"rubi-laboratories-2915","https://rubi.earth",3,3,"","geographies; founding_year; logo(weak)"
717,"Honda",1689,"honda-1689","https://www.honda.com/",3,3,"","business_model; customers; founding_year"
718,"ArcelorMittal",985,"arcelormittal-985","https://corporate.arcelormittal.com",3,3,"","target_market; customers; founding_year"
719,"SparkCharge",2113,"sparkcharge-2113","https://www.sparkcharge.io",3,3,"","business_model; founding_year; logo(weak)"
720,"Greenpixie",2921,"greenpixie-2921","https://greenpixie.com",3,3,"","business_model; geographies; founding_year"
721,"Avalanche Energy",1326,"avalanche-energy-1326","",3,5,"","core_tech; target_market; customers; founding_year; logo(weak)"
722,"X-Energy",1337,"x-energy-1337","",3,5,"","core_tech; target_market; customers; founding_year; logo(weak)"
723,"Helion Energy",1320,"helion-energy-1320","",3,5,"","core_tech; target_market; customers; founding_year; logo(weak)"
724,"NEG8 Carbon",2098,"neg8-carbon-2098","https://neg8carbon.com",3,3,"","customers; founding_year; logo(weak)"
725,"Carbon Engineering",65,"carbon-engineering-65","https://carbonengineering.com",3,3,"","target_market; customers; founding_year"
726,"QuberTech",2926,"qubertech-2926","https://qubertech.uk",3,3,"","geographies; customers; founding_year"
727,"The Nuclear Company",1330,"the-nuclear-company-1330","",3,5,"","core_tech; target_market; customers; founding_year; logo(weak)"
728,"Ballard",1301,"ballard-1301","",3,5,"","core_tech; target_market; customers; founding_year; logo(weak)"
729,"Bloom Energy",1302,"bloom-energy-1302","",3,5,"","core_tech; target_market; customers; founding_year; logo(weak)"
730,"EH2",1795,"eh2-1795","",3,5,"","core_tech; target_market; customers; founding_year; logo(weak)"
731,"HY2GEN",1814,"hy2gen-1814","",3,5,"","core_tech; target_market; customers; founding_year; logo(weak)"
732,"Altillion",2934,"altillion-2934","https://altillion.com",3,3,"","geographies; customers; founding_year"
733,"Seaborg",1368,"seaborg-1368","",3,5,"","core_tech; target_market; customers; founding_year; logo(weak)"
734,"eMabler",2949,"emabler-2949","https://emabler.com",3,3,"","business_model; geographies; founding_year"
735,"Crux",2786,"crux-2786","https://cruxclimate.com",3,3,"","geographies; founding_year; logo(weak)"
736,"Fidra Energy",2795,"fidra-energy-2795","https://fidraenergy.com",3,3,"","geographies; customers; founding_year"
737,"BURN Manufacturing",262,"revolutionize-your-home-262","https://www.burnstoves.com",3,3,"","business_model; customers; founding_year"
738,"TwingTec",1885,"twingtec-1885","https://www.twingtec.ch/",3,3,"","target_market; customers; founding_year"
739,"H2 Industries",1816,"h2-industries-1816","",3,5,"","core_tech; target_market; customers; founding_year; logo(weak)"
740,"Cloverly",2066,"cloverly-2066","https://cloverly.com",3,3,"","business_model; founding_year; logo(weak)"
741,"Green Independence",2443,"green-independence-2443","https://www.greenindependence.eu",3,3,"","customers; founding_year; logo(weak)"
742,"Spearmint Energy",2801,"spearmint-energy-2801","https://spearmintenergy.com",3,3,"","geographies; customers; founding_year"
743,"HyGear",1828,"hygear-1828","",3,5,"","core_tech; target_market; customers; founding_year; logo(weak)"
744,"Lime",2809,"lime-2809","https://li.me",3,3,"","geographies; customers; founding_year"
745,"Amarenco",2813,"amarenco-2813","https://amarencogroup.com",3,3,"","funding_stage; geographies; founding_year"
746,"Heron Power",2814,"heron-power-2814","https://heronpower.com",3,3,"","geographies; founding_year; logo(weak)"
747,"Carbon Kapture",2343,"carbon-kapture-2343","https://carbonkapture.com",3,3,"","customers; founding_year; logo(weak)"
748,"Fitt Group",2818,"fitt-group-2818","https://fitt.com",3,3,"","business_model; geographies; founding_year"
749,"Sunfire",1811,"sunfire-1811","",3,5,"","core_tech; target_market; customers; founding_year; logo(weak)"
750,"Ceres",1817,"ceres-1817","",3,5,"","core_tech; target_market; customers; founding_year; logo(weak)"
751,"Cypress Creek Energy",2771,"cypress-creek-energy-2771","https://cypresscreekenergy.com",3,3,"","geographies; customers; founding_year"
752,"NuAria",2323,"nuaria-2323","https://nuaria.com",3,3,"","customers; founding_year; logo(weak)"
753,"Hy24",1271,"hy24-1271","",3,5,"","core_tech; target_market; customers; founding_year; logo(weak)"
754,"Ucaneo Biotech",2328,"ucaneo-biotech-2328","https://ucaneo.com",3,3,"","customers; founding_year; logo(weak)"
755,"Linde",1276,"linde-1276","",3,5,"","core_tech; target_market; customers; founding_year; logo(weak)"
756,"Prometheus Fuels",1229,"prometheus-fuels-1229","https://www.prometheusfuels.com/",3,3,"","target_market; customers; founding_year"
757,"CarbonFree",1003,"carbonfree-1003","https://www.carbonfree.com",3,3,"","target_market; customers; founding_year"
758,"Lhyfe",1278,"lhyfe-1278","",3,5,"","core_tech; target_market; customers; founding_year; logo(weak)"
759,"Plug Power",1281,"plug-power-1281","",3,5,"","core_tech; target_market; customers; founding_year; logo(weak)"
760,"Ceres Power",1300,"ceres-power-1300","",3,5,"","core_tech; target_market; customers; founding_year; logo(weak)"
761,"Powin",822,"powin-822","https://www.powin.com",3,3,"","target_market; customers; founding_year"
762,"Enviromena",2777,"enviromena-2777","https://enviromena.com",3,3,"","business_model; geographies; founding_year"
763,"Hysata",1290,"hysata-1290","",3,5,"","core_tech; target_market; customers; founding_year; logo(weak)"
764,"Opdenergy",2833,"opdenergy-2833","https://opdenergy.com",3,3,"","geographies; customers; founding_year"
765,"TIAMAT",1553,"tiamat-1553","https://www.tiamat-energy.com/",2,2,"","business_model; founding_year"
766,"Quidnet Energy",1057,"quidnet-energy-1057","https://quidnetenergy.com",2,2,"","target_market; founding_year"
767,"Liontown Ltd",1570,"liontown-ltd-1570","https://www.liontown.com/",2,2,"","customers; founding_year"
768,"Monolith Corp",1909,"monolith-corp-1909","https://monolith-corp.com/",2,2,"","customers; founding_year"
769,"Zero Homes",2883,"zero-homes-2883","https://zerohomes.io",2,2,"","geographies; founding_year"
770,"ChargeZone",1422,"chargezone-1422","https://www.chargezone.co.in/",2,2,"","customers; founding_year"
771,"Pipistrel",1638,"pipistrel-1638","https://www.pipistrel-aircraft.com/",2,2,"","customers; founding_year"
772,"Thorizon",2528,"thorizon-2528","https://www.thorizon.com",2,2,"","founding_year; logo(weak)"
773,"EV Charging Solutions | bp pulse UK",1406,"ev-charging-solutions-bp-pulse-uk-1406","https://www.bppulse.co.uk/",2,2,"","customers; founding_year"
774,"Renewable Metals",2910,"renewable-metals-2910","https://renewable-metals.com",2,2,"","geographies; founding_year"
775,"Amogy",1907,"amogy-1907","https://amogy.co/",2,2,"","founding_year; logo(weak)"
776,"GE Vernova",1454,"ge-vernova-1454","https://www.ge.com/renewableenergy/wind-energy",2,2,"","customers; founding_year"
777,"Invenergy",1468,"invenergy-1468","https://www.invenergy.com/",2,2,"","customers; founding_year"
778,"NioCorp Developments Ltd.",1581,"niocorp-developments-ltd-1581","https://www.niocorp.com/",2,2,"","customers; founding_year"
779,"Vertical Aerospace",1635,"vertical-aerospace-1635","https://www.vertical-aerospace.com/",2,2,"","customers; founding_year"
780,"Good Carbon Co",191,"good-carbon-co-191","https://www.goodcarbonco.com",2,2,"","customers; founding_year"
781,"American Clean Power",1488,"american-clean-power-1488","https://www.awea.org/",2,2,"","customers; founding_year"
782,"Mukuru Clean Stoves",264,"mukuru-clean-stoves-264","https://mukurustoves.org",2,2,"","customers; founding_year"
783,"ESS",1044,"ess-1044","https://essinc.com",2,2,"","customers; founding_year"
784,"JinkoSolar",810,"jinkosolar-810","https://www.firstsolar.com",2,2,"","target_market; customers"
785,"Krossblade Aerospace Systems",1657,"krossblade-aerospace-systems-1657","https://www.krossblade.com/",2,2,"","customers; founding_year"
786,"Supernal",1705,"supernal-1705","https://www.supernal.aero/",2,2,"","customers; founding_year"
787,"Faradion",1551,"faradion-1551","https://www.faradion.co.uk/",2,2,"","customers; founding_year"
788,"Luxera Energy",2222,"luxera-energy-2222","https://luxera-energy.com",2,2,"","founding_year; logo(weak)"
789,"Acumen Capital",1315,"acumen-capital-1315","https://www.acumencapital.com",2,2,"","target_market; customers"
790,"Omnidian",829,"omnidian-829","https://www.omnidian.com",2,2,"","customers; founding_year"
791,"ICODOS",2350,"icodos-2350","https://icodos.com",2,2,"","founding_year; logo(weak)"
792,"Nordic Electrofuel",1231,"nordic-electrofuel-1231","https://www.nordicelectrofuel.no/",2,2,"","target_market; customers"
793,"eMobility  | Siemens",1428,"emobility-siemens-1428","https://www.siemens.com/emobility",2,2,"","customers; founding_year"
794,"Trinasolar",813,"trinasolar-813","https://www.trinasolar.com",2,2,"","customers; logo(weak)"
795,"Nexeon",1771,"nexeon-1771","https://www.nexeon.co.uk/",2,2,"","customers; founding_year"
796,"WaterFurnace",1535,"waterfurnace-1535","https://www.waterfurnace.com/",2,2,"","customers; logo(weak)"
797,"Natrion",1947,"natrion-1947","https://www.natrion.co/",2,2,"","founding_year; logo(weak)"
798,"Sion Power",1545,"sion-power-1545","https://www.sionpower.com/",2,2,"","customers; founding_year"
799,"Basquevolt",1579,"basquevolt-1579","https://www.basquevolt.com/",2,2,"","customers; founding_year"
800,"Jetoptera",1660,"jetoptera-1660","https://www.jetoptera.com/",2,2,"","customers; founding_year"
801,"BioLite",1309,"biolite-1309","https://www.bioliteenergy.com",2,2,"","customers; founding_year"
802,"BASF",1005,"basf-1005","https://www.basf.com",2,2,"","customers; founding_year"
803,"Heliogen",1006,"heliogen-1006","https://heliogen.com",2,2,"","customers; founding_year"
804,"TNC",90,"tnc-90","https://www.thenuclearcompany.com",2,2,"","customers; founding_year"
805,"Antares Nuclear",2538,"antares-nuclear-2538","https://www.antaresnuclear.com",2,2,"","customers; founding_year"
806,"Compact Fusion Machines",86,"compact-fusion-machines-86","https://www.avalanchefusion.com",2,2,"","customers; founding_year"
807,"Toyota",1688,"toyota-1688","https://www.toyota.com/",2,2,"","customers; founding_year"
808,"InPlanet",2007,"inplanet-2007","https://inplanet.earth/",2,2,"","founding_year; logo(weak)"
809,"CarbonCapture Inc",63,"carboncapture-inc-63","https://www.carboncapture.com",2,2,"","customers; founding_year"
810,"We deliver high",1565,"we-deliver-high-1565","https://www.stiesdal.com/",2,2,"","customers; founding_year"
811,"Raven SR",1269,"raven-sr-1269","https://www.raven-sr.com/",2,2,"","customers; founding_year"
812,"Blue Current",2245,"blue-current-2245","https://bluecurrent.com",2,2,"","founding_year; logo(weak)"
813,"Pilbara Minerals",1569,"pilbara-minerals-1569","https://www.pilbaraminerals.com.au/",2,2,"","customers; founding_year"
814,"Ascend Promotions",1578,"ascend-promotions-1578","https://www.ascendpromotions.com/",2,2,"","customers; founding_year"
815,"Think GeoEnergy",1511,"think-geoenergy-1511","https://www.thinkgeoenergy.com/",2,2,"","customers; founding_year"
816,"Saitec Offshore Technologies",1483,"saitec-offshore-technologies-1483","https://www.saitec-offshore.com/",2,2,"","customers; founding_year"
817,"VERDE HYDROGEN",9,"verde-hydrogen-9","https://verdehydrogen.com",2,2,"","customers; founding_year"
818,"Urban Electric Power",2056,"urban-electric-power-2056","https://urbanelectricpower.com",2,2,"","founding_year; logo(weak)"
819,"EVCNICE",1425,"evcnice-1425","https://evcnice.com/",2,2,"","customers; founding_year"
820,"Electrify America",1402,"electrify-america-1402","https://www.electrifyamerica.com/",2,2,"","business_model; customers"
821,"THEION",1764,"theion-1764","https://www.theion.de",2,2,"","customers; founding_year"
822,"Ioneer",1572,"ioneer-1572","https://www.ioneer.com/",2,2,"","customers; founding_year"
823,"Windpower Monthly",1491,"windpower-monthly-1491","https://www.windpowermonthly.com/",2,2,"","customers; founding_year"
824,"Calix",1009,"calix-1009","https://www.calix.com",2,2,"","target_market; founding_year"
825,"Gold Standard",1599,"gold-standard-1599","https://www.goldstandard.org",2,2,"","customers; founding_year"
826,"Energy Source LLC",1517,"energy-source-llc-1517","https://www.energysource.com/",2,2,"","customers; founding_year"
827,"Microvast",1543,"microvast-1543","https://www.microvast.com/",2,2,"","customers; founding_year"
828,"CREW Carbon",2337,"crew-carbon-2337","https://crewcarbon.com",2,2,"","founding_year; logo(weak)"
829,"AgZen",2907,"agzen-2907","https://agzen.com",2,2,"","geographies; founding_year"
830,"NextEra Energy",824,"nextera-energy-824","https://www.nexteraenergy.com",2,2,"","target_market; founding_year"
831,"Arca",2338,"arca-2338","https://arcaclimate.com",2,2,"","founding_year; logo(weak)"
832,"Sustaera",2097,"sustaera-2097","https://www.sustaera.com",2,2,"","founding_year; logo(weak)"
833,"Maxwell Technologies",1548,"maxwell-technologies-1548","https://www.maxwell.com/",2,2,"","customers; founding_year"
834,"Samson Sky",1656,"samson-sky-1656","https://www.samsonsky.com/",2,2,"","customers; founding_year"
835,"1414 Degrees",1564,"1414-degrees-1564","https://www.1414degrees.com.au/",2,2,"","customers; founding_year"
836,"AeroMobil",1661,"aeromobil-1661","https://www.aeromobil.com/",2,2,"","customers; founding_year"
837,"Standard Lithium Ltd.",1574,"standard-lithium-ltd-1574","https://www.standardlithium.com/",2,2,"","customers; founding_year"
838,"Lgensol",1715,"lgensol-1715","https://www.lgensol.com/",2,2,"","customers; founding_year"
839,"Grst",1580,"grst-1580","https://www.grst.com/",2,2,"","customers; founding_year"
840,"General Electric",1677,"general-electric-1677","https://www.ge.com/",2,2,"","customers; founding_year"
841,"Clean Cooking Alliance",1310,"clean-cooking-alliance-1310","https://www.cleancookingalliance.org",2,2,"","customers; founding_year"
842,"Dogtooth Technologies",2920,"dogtooth-technologies-2920","https://dogtooth.tech",2,2,"","geographies; founding_year"
843,"SES AI",2054,"ses-ai-2054","https://ses.ai",2,2,"","founding_year; logo(weak)"
844,"Linde Is Everywhere",12,"linde-is-everywhere-12","https://www.linde.com",2,2,"","customers; founding_year"
845,"Eavor",1501,"eavor-1501","https://www.eavor.com/",2,2,"","customers; founding_year"
846,"Lyten",1765,"lyten-1765","https://www.lyten.com/",2,2,"","customers; founding_year"
847,"IOXUS",1547,"ioxus-1547","https://www.ioxus.com/",2,2,"","customers; founding_year"
848,"Featured Conferences",1516,"featured-conferences-1516","https://www.grc.org/",2,2,"","customers; founding_year"
849,"Zipline",1710,"zipline-1710","https://www.zipline.com/",2,2,"","customers; founding_year"
850,"Enel Group",1461,"enel-group-1461","https://www.enel.com/",2,2,"","customers; founding_year"
851,"Enovix",1544,"enovix-1544","https://www.enovix.com/",2,2,"","customers; founding_year"
852,"Recharge",1419,"recharge-1419","https://rechargeinfra.com/",2,2,"","customers; founding_year"
853,"Ecolab",1258,"ecolab-1258","https://www.ecolab.com/",2,2,"","customers; founding_year"
854,"Byd",1714,"byd-1714","https://www.byd.com/",2,2,"","customers; founding_year"
855,"Gridtential Energy",1774,"gridtential-energy-1774","https://www.gridtential.com/",2,2,"","customers; founding_year"
856,"Boston Metal",974,"boston-metal-974","https://www.bostonmetal.com",2,2,"","target_market; founding_year"
857,"Nutrien Ag Solutions",189,"nutrien-ag-solutions-189","https://nutrienagsolutions.com",2,2,"","customers; founding_year"
858,"Vattenfall",1841,"vattenfall-1841","https://www.vattenfall.com/",2,2,"","customers; founding_year"
859,"Carbon collect",64,"carbon-collect-64","https://carboncollect.com",2,2,"","customers; founding_year"
860,"Carbonmark",2074,"carbonmark-2074","https://carbonmark.com",2,2,"","founding_year; logo(weak)"
861,"Lilium",1630,"lilium-1630","https://www.lilium.com/",2,2,"","customers; founding_year"
862,"Volocopter",1632,"volocopter-1632","https://www.volocopter.com/",2,2,"","customers; founding_year"
863,"Also",2804,"also-2804","https://ridealso.com",2,2,"","geographies; founding_year"
864,"Weatherford International",1508,"weatherford-international-1508","https://www.weatherford.com/",2,2,"","customers; founding_year"
865,"8 Rivers",2321,"8-rivers-2321","https://8rivers.com",2,2,"","founding_year; logo(weak)"
866,"Airbus",1671,"airbus-1671","https://www.airbus.com/",2,2,"","customers; founding_year"
867,"Transcend Air",1664,"transcend-air-1664","https://www.transcend.aero/",2,2,"","customers; founding_year"
868,"Honeywell",1674,"honeywell-1674","https://www.honeywell.com/",2,2,"","customers; founding_year"
869,"We power change",1463,"we-power-change-1463","https://www.sse.com/",2,2,"","customers; founding_year"
870,"Antora",1566,"antora-1566","https://www.antora.energy/",2,2,"","customers; founding_year"
871,"General Fusion",85,"general-fusion-85","https://generalfusion.com",2,2,"","customers; founding_year"
872,"Enerkite",1886,"enerkite-1886","https://www.enerkite.de/",2,2,"","customers; founding_year"
873,"LanzaTech",987,"lanzatech-987","https://www.lanzatech.com",2,2,"","customers; founding_year"
874,"Arcadia eFuels",1226,"arcadia-efuels-1226","https://www.arcadiaefuels.com/",2,2,"","customers; founding_year"
875,"Nadara",2775,"nadara-2775","https://nadara.com",2,2,"","geographies; founding_year"
876,"DACMA",2327,"dacma-2327","https://dacma.de",2,2,"","founding_year; logo(weak)"
877,"Shell Recharge",1405,"shell-recharge-1405","https://www.shellrecharge.com/",2,2,"","customers; founding_year"
878,"UNDO",2331,"undo-2331","https://un-do.com",2,2,"","founding_year; logo(weak)"
879,"NANO Nuclear Energy",93,"nano-nuclear-energy-93","https://nanonuclearenergy.com",2,2,"","customers; founding_year"
880,"The Wind Power",1490,"the-wind-power-1490","https://www.thewindpower.net/",2,2,"","customers; logo(weak)"
881,"Avnos",61,"avnos-61","https://www.avnos.com",2,2,"","customers; founding_year"
882,"Sunnova",836,"sunnova-836","https://www.sunnova.com",2,2,"","founding_year; logo(weak)"
883,"NEOM Green Hydrogen Company",1283,"neom-green-hydrogen-company-1283","",2,4,"","business_model; customers; founding_year; logo(weak)"
884,"EcoSafi",265,"ecosafi-265","https://ecosafi.com",2,2,"","customers; founding_year"
885,"JOLT",1420,"jolt-1420","https://joltcharge.com/",2,2,"","customers; founding_year"
886,"IONITY",1407,"ionity-1407","https://ionity.eu/",1,1,"","founding_year"
887,"Invinity Energy Systems",1042,"invinity-energy-systems-1042","https://invinity.com",1,1,"","founding_year"
888,"Verkor",1769,"verkor-1769","https://www.verkor.com/",1,1,"","customers"
889,"Luquos Energy",2018,"luquos-energy-2018","https://www.luquosenergy.com/",1,1,"","founding_year"
890,"Plug Power",8,"plug-power-8","https://www.plugpower.com",1,1,"","founding_year"
891,"Echogen Power Systems",1567,"echogen-power-systems-1567","https://www.echogen.com/",1,1,"","founding_year"
892,"Sunrun",816,"sunrun-816","https://www.solaredge.com",1,1,"","founding_year"
893,"STOLECT",1054,"stolect-1054","https://www.stolect.com/en",1,1,"","founding_year"
894,"Fronius International",819,"fronius-international-819","https://www.fronius.com",1,1,"","customers"
895,"Svante",993,"svante-993","https://svanteinc.com",1,1,"","customers"
896,"Jaunt Air Mobility",1663,"jaunt-air-mobility-1663","https://www.jauntairmobility.com/",1,1,"","founding_year"
897,"Sustainable Aviation Fuel",1237,"sustainable-aviation-fuel-1237","https://www.sustainableaviationfuel.com/",1,1,"","founding_year"
898,"From source to sky",75,"from-source-to-sky-75","https://www.repair-carbon.com",1,1,"","founding_year"
899,"US Energy",1520,"us-energy-1520","https://www.usenergy.com/",1,1,"","customers"
900,"Industry",1233,"industry-1233","https://www.electrochaea.com/",1,1,"","founding_year"
901,"NGHC",10,"nghc-10","https://nghc.com",1,1,"","founding_year"
902,"Siemens Gamesa",1453,"siemens-gamesa-1453","https://www.siemensgamesa.com/",1,1,"","founding_year"
903,"Ionblox",1773,"ionblox-1773","https://www.ionblox.com/",1,1,"","founding_year"
904,"Carbonplace",199,"carbonplace-199","https://carbonplace.com",1,1,"","founding_year"
905,"Modvion",1481,"modvion-1481","https://www.modvion.com/",1,1,"","founding_year"
906,"Plan A",185,"plan-a-185","https://www.sweep.net",1,1,"","founding_year"
907,"Air Company",1250,"air-company-1250","https://www.aircompany.com/",1,1,"","target_market"
908,"SMA Solar",817,"sma-solar-817","https://www.sma.de",1,1,"","customers"
909,"Baker Hughes",1507,"baker-hughes-1507","https://www.bakerhughes.com/",1,1,"","customers"
910,"Hy2gen",1298,"hy2gen-1298","",1,3,"","business_model; founding_year; logo(weak)"
911,"AltaRock Energy",1519,"altarock-energy-1519","https://www.altarockenergy.com/",1,1,"","founding_year"
912,"Altris",1550,"altris-1550","https://www.altris.se/",1,1,"","founding_year"
913,"DG Matrix",1917,"dg-matrix-1917","https://www.dgmatrix.com/",1,1,"","founding_year"
914,"FLO",1404,"flo-1404","https://flo.com/",1,1,"","founding_year"
915,"AutoFlight",1648,"autoflight-1648","https://www.autoflight.com/",1,1,"","founding_year"
916,"H55",1644,"h55-1644","https://www.h55.ch/",1,1,"","founding_year"
917,"Open Forest Protocol",195,"open-forest-protocol-195","https://www.openforestprotocol.org",1,1,"","founding_year"
918,"Terra CO2",981,"terra-co2-981","https://terraco2.com",1,1,"","founding_year"
919,"Firefly Fusion",84,"firefly-fusion-84","https://fireflyfusion.energy",1,1,"","founding_year"
920,"Ampaire",1640,"ampaire-1640","https://www.ampaire.com/",1,1,"","founding_year"
921,"MarkUpgrade",1316,"markupgrade-1316","https://www.woodenpellet.com",1,1,"","target_market"
922,"Nel Hydrogen",6,"nel-hydrogen-6","https://eh2.com",1,1,"","founding_year"
923,"Homepage - Efacec",1430,"homepage-efacec-1430","https://www.efacec.com/",1,1,"","founding_year"
924,"Mission Zero Technologies",70,"mission-zero-technologies-70","https://www.missionzero.tech",1,1,"","founding_year"
925,"Cellcube",1048,"cellcube-1048","https://www.cellcube.com",1,1,"","founding_year"
926,"Brimstone",979,"brimstone-979","https://brimstone.com",1,1,"","founding_year"
927,"First Solar",832,"first-solar-832","https://www.arraytechinc.com",1,1,"","customers"
928,"Aircapture",60,"aircapture-60","https://www.aircapture.com",1,1,"","founding_year"
929,"Enapi",2711,"enapi-2711","https://enapi.com",1,1,"","founding_year"
930,"ChargeLab",1432,"chargelab-1432","https://www.chargelab.co/",1,1,"","founding_year"
931,"Aurora Solar",827,"aurora-solar-827","https://www.aurorasolar.com",1,1,"","founding_year"
932,"Solid Power",2047,"solid-power-2047","https://solidpowerbattery.com",1,1,"","founding_year"
933,"Sila",1770,"sila-1770","https://www.silanano.com/",1,1,"","founding_year"
934,"Zeon Charging",1424,"zeon-charging-1424","https://zeoncharging.com/",1,1,"","founding_year"
935,"Skeleton Technologies",1549,"skeleton-technologies-1549","https://www.skeletontech.com/",1,1,"","founding_year"
936,"Capture6",62,"capture6-62","https://capture6.com",1,1,"","founding_year"
937,"Rondo Energy",990,"rondo-energy-990","https://rondo.com",1,1,"","founding_year"
938,"Topsoe",1012,"topsoe-1012","https://www.topsoe.com",1,1,"","founding_year"
939,"Powering Europe",1487,"powering-europe-1487","https://www.windeurope.org/",1,1,"","founding_year"
940,"Enercon",1458,"enercon-1458","https://www.enercon.de/",1,1,"","customers"
941,"Celebrating 50 years",1464,"celebrating-50-years-1464","https://www.edp.com/",1,1,"","customers"
942,"SLB",1505,"slb-1505","https://www.schlumberger.com/",1,1,"","founding_year"
943,"Wpd",1471,"wpd-1471","https://www.wpd.de/",1,1,"","founding_year"
944,"Group14 Technologies",1767,"group14-technologies-1767","https://www.group14.technology/",1,1,"","founding_year"
945,"Aker Carbon Capture",995,"aker-carbon-capture-995","https://akercarboncapture.com",1,1,"","founding_year"
946,"Nano One Materials",1772,"nano-one-materials-1772","https://www.nanoone.ca/",1,1,"","founding_year"
947,"EDF",1467,"edf-1467","https://www.edf-re.com/",1,1,"","customers"
948,"Halliburton",1506,"halliburton-1506","https://www.halliburton.com/",1,1,"","founding_year"
949,"Sparkz",1766,"sparkz-1766","https://www.sparkz.energy/",1,1,"","founding_year"
950,"BW Ideol",1484,"bw-ideol-1484","https://www.ideol-offshore.com/",1,1,"","target_market"
951,"Fluence",821,"fluence-821","https://www.fluenceenergy.com",1,1,"","founding_year"
952,"Direct Reduction Technology",1001,"direct-reduction-technology-1001","https://www.midrex.com",1,1,"","founding_year"
953,"Dronamics",1712,"dronamics-1712","https://www.dronamics.com/",1,1,"","founding_year"
954,"Enevate",1763,"enevate-1763","https://www.enevate.com/",1,1,"","founding_year"
955,"Octavia Carbon",71,"octavia-carbon-71","https://www.octaviacarbon.com",1,1,"","founding_year"
956,"Origen Carbon",72,"origen-carbon-72","https://www.origencarbon.com",1,1,"","founding_year"
957,"Suzlon Energy Ltd",1456,"suzlon-energy-ltd-1456","https://www.suzlon.com/",1,1,"","customers"
958,"Kitepower",1478,"kitepower-1478","https://www.kitepower.nl/",1,1,"","founding_year"
959,"CarbonCure",975,"carboncure-975","https://www.carboncure.com",1,1,"","founding_year"
960,"Kitemill",1883,"kitemill-1883","https://www.kitemill.com/",1,1,"","customers"
961,"Deutsche WindGuard GmbH",1493,"deutsche-windguard-gmbh-1493","https://www.windguard.com/",1,1,"","customers"
962,"Nabrawind Technologies",1475,"nabrawind-technologies-1475","https://www.nabrawind.com/",1,1,"","founding_year"
963,"Electra",982,"electra-982","https://electra.earth",1,1,"","founding_year"
964,"VoltAero",1655,"voltaero-1655","https://www.voltaero.aero/",1,1,"","founding_year"
965,"Dandelion Energy",1513,"dandelion-energy-1513","https://www.dandelionenergy.com/",1,1,"","founding_year"
966,"Skyports",1651,"skyports-1651","https://www.skyports.net/",1,1,"","founding_year"
967,"AeroVironment, Inc.",1653,"aerovironment-inc-1653","https://www.avinc.com/",1,1,"","founding_year"
968,"Embraer",1673,"embraer-1673","https://www.embraer.com/",1,1,"","customers"
969,"Rolls-Royce",1676,"rolls-royce-1676","https://www.rolls-royce.com/",1,1,"","founding_year"
970,"Kfw Entwicklungsbank",1510,"kfw-entwicklungsbank-1510","https://www.kfw-entwicklungsbank.de/",1,1,"","founding_year"
971,"ENERGYNEST",1563,"energynest-1563","https://www.energynest.com/",1,1,"","founding_year"
972,"Elementl Power",1323,"elementl-power-1323","",1,3,"","business_model; founding_year; logo(weak)"
973,"Spiritus Technologies",79,"spiritus-technologies-79","https://spiritus.com",1,1,"","founding_year"
974,"Joby Aviation",1628,"joby-aviation-1628","https://www.jobyaviation.com/",1,1,"","customers"
975,"PolyJoule",1760,"polyjoule-1760","https://www.polyjoule.com/",1,1,"","founding_year"
976,"SkySails Power",1882,"skysails-power-1882","https://www.skysails-power.com/",1,1,"","founding_year"
977,"GameChange Solar",833,"gamechange-solar-833","https://www.gamechangesolar.com",1,1,"","founding_year"
978,"Highview Power",1562,"highview-power-1562","https://www.highviewpower.com/",1,1,"","customers"
979,"Neste SAF",1263,"neste-saf-1263","https://www.neste.com/products/all-products/saf",1,1,"","founding_year"
980,"Circontrol",1429,"circontrol-1429","https://circontrol.com/",1,1,"","founding_year"
981,"Hybrid Air Vehicles",1699,"hybrid-air-vehicles-1699","https://www.hybridairvehicles.com/",1,1,"","founding_year"
982,"Bluewater Energy Services",1486,"bluewater-energy-services-1486","https://www.bluewater.com/",1,1,"","customers"
983,"High",67,"high-67","https://climeworks.com",1,1,"","founding_year"
984,"H2 Green Steel",976,"h2-green-steel-976","https://www.h2greensteel.com",0,0,"",""
985,"Helion",80,"helion-80","https://www.helionenergy.com",0,0,"",""
986,"ChargePoint",1401,"chargepoint-1401","https://www.chargepoint.com/",0,0,"",""
987,"GWEC",1489,"gwec-1489","https://www.gwec.net/",0,0,"",""
988,"Heliox",1431,"heliox-1431","https://www.heliox.nl/",0,0,"",""
989,"Hy24",7,"hy24-7","https://www.hy24partners.com",0,0,"",""
990,"DNV",1473,"dnv-1473","https://www.dnvgl.com/",0,0,"",""
991,"Commonwealth Fusion Systems",88,"commonwealth-fusion-systems-88","https://tokamakenergy.com",0,0,"",""
992,"EVBox",1411,"evbox-1411","https://evbox.com/",0,0,"",""
993,"Brenmiller",1049,"brenmiller-1049","https://bren-energy.com",0,0,"",""
994,"Phlair",73,"phlair-73","https://phlair.com",0,0,"",""
995,"Airseas",1887,"airseas-1887","https://www.airseas.com/",0,0,"",""
996,"South Pole",193,"south-pole-193","https://www.southpole.com",0,0,"",""
997,"Carbon Clean",989,"carbon-clean-989","https://www.carbonclean.com",0,0,"",""
998,"Siemens",1678,"siemens-1678","https://www.siemens.com/",0,0,"",""
999,"The Boeing Company",1672,"the-boeing-company-1672","https://www.boeing.com/",0,0,"",""
1000,"ITM Power",1288,"itm-power-1288","",0,2,"","founding_year; logo(weak)"